YEAR,SAMPLING_ROUND,DATE,SITE,SPECIES,NUM_FLORAL_UNITS
1,2,5.17.2021,balaclava,Bellis perennis,15
1,2,5.17.2021,balaclava,Stellaria media,18
1,2,5.17.2021,balaclava,Trifolium dubium,81
1,2,5.17.2021,balaclava,Trifolium repens,1
1,2,5.20.2021,bobolink,Bellis perennis,1234
1,2,5.20.2021,bobolink,Cerastium glomeratum,67
1,2,5.20.2021,bobolink,Ranunculus repens,43
1,2,5.20.2021,bobolink,Taraxacum officinale,1
1,2,5.20.2021,bobolink,Trifolium dubium,208
1,2,5.20.2021,bobolink,Trifolium repens,20
1,2,5.20.2021,bobolink,Veronica arvensis,17
1,2,5.18.2021,china creek,Cheiranthus allionii,39
1,2,5.18.2021,china creek,Lobularia maritima,4
1,2,5.18.2021,china creek,Ranunculus repens,1026
1,2,5.18.2021,china creek,Taraxacum officinale,8
1,2,5.20.2021,falaise,Bellis perennis,159
1,2,5.20.2021,falaise,Cerastium glomeratum,4
1,2,5.20.2021,falaise,Fragaria x ananassa,1
1,2,5.20.2021,falaise,Ranunculus repens,28
1,2,5.20.2021,falaise,Trifolium dubium,27
1,2,5.20.2021,falaise,Trifolium repens,1
1,2,5.19.2021,gordon,Bellis perennis,209
1,2,5.19.2021,gordon,Taraxacum officinale,2
1,2,5.19.2021,gordon,Trifolium dubium,231
1,2,5.19.2021,gordon,Trifolium repens,7
1,2,5.18.2021,kensington,Bellis perennis,28
1,2,5.18.2021,kensington,Capsella bursa-pastoris,2
1,2,5.18.2021,kensington,Taraxacum officinale,1
1,2,5.18.2021,kensington,Trifolium repens,1
1,2,5.19.2021,killarney,Bellis perennis,8
1,2,5.19.2021,killarney,Nemophila menziesii,16
1,2,5.19.2021,killarney,Ranunculus repens,5
1,2,5.19.2021,killarney,Taraxacum officinale,1
1,2,5.17.2021,locarno,Capsella bursa-pastoris,91
1,2,5.17.2021,locarno,Trifolium dubium,451
1,2,5.17.2021,locarno,Trifolium repens,2
1,2,5.17.2021,locarno,Veronica arvensis,37
1,2,5.19.2021,moberly,Bellis perennis,552
1,2,5.19.2021,moberly,Capsella bursa-pastoris,46
1,2,5.19.2021,moberly,Cerastium glomeratum,11
1,2,5.19.2021,moberly,Erodium cicutarium,9
1,2,5.19.2021,moberly,Taraxacum officinale,2
1,2,5.19.2021,moberly,Trifolium dubium,1227
1,2,5.19.2021,moberly,Trifolium repens,62
1,2,5.19.2021,oak meadows,Ranunculus repens,31
1,2,5.19.2021,oak meadows,Stellaria media,68
1,2,5.19.2021,oak meadows,Trifolium dubium,5
1,2,5.19.2021,prince of wales,Ranunculus repens,2
1,2,5.19.2021,queen elizabeth,Bellis perennis,3678
1,2,5.19.2021,queen elizabeth,Trifolium dubium,36
1,2,5.19.2021,quilchena,Ranunculus repens,33
1,2,5.19.2021,quilchena,Trifolium dubium,19
1,2,5.19.2021,quilchena,Trifolium repens,3
1,2,5.19.2021,rupert,Bellis perennis,552
1,2,5.19.2021,rupert,Cerastium glomeratum,212
1,2,5.19.2021,rupert,Ranunculus repens,1
1,2,5.19.2021,rupert,Taraxacum officinale,1
1,2,5.18.2021,rupert,Trifolium dubium,5
1,2,5.18.2021,rupert,Veronica arvensis,3
1,2,5.18.2021,slocan,Bellis perennis,95
1,2,5.18.2021,slocan,Cerastium glomeratum,17
1,2,5.18.2021,slocan,Ranunculus repens,2
1,2,5.18.2021,slocan,Trifolium dubium,4
1,2,5.18.2021,slocan,Trifolium repens,97
1,2,5.17.2021,memorial south,Anthriscus caucalis,920
1,2,5.17.2021,memorial south,Capsella bursa-pastoris,56
1,2,5.17.2021,memorial south,Cheiranthus allionii,55
1,2,5.17.2021,memorial south,Fumaria officinalis,43
1,2,5.18.2021,memorial south,Geranium molle,6
1,2,5.18.2021,memorial south,Geranium robertianum,2
1,2,5.17.2021,memorial south,Hesperis matronalis,184
1,2,5.17.2021,memorial south,Hyacinthoides non-scripta,88
1,2,5.17.2021,memorial south,Lamium purpureum,51
1,2,5.18.2021,memorial south,Linum lewisii,3
1,2,5.18.2021,memorial south,Lupinus polyphyllus,6
1,2,5.18.2021,memorial south,Nemophila menziesii,124
1,2,5.18.2021,memorial south,Papaver sp.,1
1,2,5.18.2021,memorial south,Ranunculus repens,81
1,2,5.18.2021,memorial south,Senecio vulgaris,17
1,2,5.20.2021,memorial south,Sisymbrium officinale,170
1,2,5.20.2021,memorial south,Sonchus arvensis,2
1,2,5.20.2021,memorial south,Taraxacum officinale,1
1,2,5.20.2021,memorial south,Trifolium repens,194
1,2,5.20.2021,memorial south,Vicia hirsuta,336
1,2,5.17.2021,west memorial,Bellis perennis,467
1,2,5.17.2021,west memorial,Ranunculus repens,1
1,2,5.17.2021,west memorial,Stellaria media,2
1,2,5.17.2021,west memorial,Trifolium dubium,3
1,2,5.17.2021,winona,Bellis perennis,79
1,2,5.17.2021,winona,Cerastium glomeratum,101
1,2,5.17.2021,winona,Taraxacum officinale,1
1,2,5.17.2021,winona,Trifolium dubium,330
1,2,5.17.2021,winona,Trifolium repens,5
1,2,5.17.2021,winona,Veronica arvensis,8
1,3,6.3.2021,balaclava,Trifolium dubium,291
1,3,6.3.2021,balaclava,Trifolium repens,107
1,3,6.3.2021,balaclava,Veronica arvensis,9
1,3,6.2.2021,bobolink,Bellis perennis,780
1,3,6.2.2021,bobolink,Cerastium glomeratum,23
1,3,6.2.2021,bobolink,Ranunculus repens,177
1,3,6.2.2021,bobolink,Trifolium dubium,644
1,3,6.2.2021,bobolink,Trifolium repens,377
1,3,6.2.2021,bobolink,Veronica arvensis,1
1,3,6.2.2021,china creek,Brassica sp.,121
1,3,6.2.2021,china creek,Cheiranthus allionii,84
1,3,6.2.2021,china creek,Dianthus barbatus,4
1,3,6.2.2021,china creek,Eschscholzia californica,61
1,3,6.2.2021,china creek,Limnanthes douglasii,165
1,3,6.2.2021,china creek,Lupinus polyphyllus,68
1,3,6.2.2021,china creek,Papaver sp.,3
1,3,6.2.2021,china creek,Ranunculus acris,135
1,3,6.2.2021,china creek,Ranunculus repens,1065
1,3,6.2.2021,china creek,Solanum dulcamara,6
1,3,6.2.2021,china creek,Taraxacum officinale,5
1,3,6.2.2021,china creek,Trifolium pratense,51
1,3,6.2.2021,china creek,Trifolium repens,54
1,3,6.2.2021,falaise,Bellis perennis,110
1,3,6.2.2021,falaise,Cerastium glomeratum,13
1,3,6.2.2021,falaise,Ranunculus acris,13
1,3,6.2.2021,falaise,Ranunculus repens,157
1,3,6.2.2021,falaise,Trifolium dubium,178
1,3,6.2.2021,falaise,Trifolium repens,32
1,3,6.2.2021,gordon,Bellis perennis,50
1,3,6.2.2021,gordon,Cerastium glomeratum,4
1,3,6.2.2021,gordon,Trifolium dubium,934
1,3,6.2.2021,gordon,Trifolium repens,23
1,3,6.2.2021,kensington,Bellis perennis,77
1,3,6.2.2021,kensington,Cerastium glomeratum,32
1,3,6.2.2021,kensington,Ranunculus repens,3
1,3,6.2.2021,kensington,Trifolium dubium,258
1,3,6.2.2021,kensington,Trifolium repens,149
1,3,6.2.2021,kensington,Veronica arvensis,23
1,3,6.4.2021,killarney,Capsella bursa-pastoris,9
1,3,6.4.2021,killarney,Cerastium glomeratum,1
1,3,6.4.2021,killarney,Ranunculus repens,66
1,3,6.4.2021,killarney,Rorippa palustris,11
1,3,6.4.2021,killarney,Taraxacum officinale,1
1,3,6.4.2021,killarney,Trifolium dubium,75
1,3,6.4.2021,killarney,Trifolium repens,233
1,3,6.2.2021,locarno,Capsella bursa-pastoris,11
1,3,6.2.2021,locarno,Hypochaeris radicata,14
1,3,6.2.2021,locarno,Trifolium dubium,1621
1,3,6.2.2021,locarno,Trifolium repens,1
1,3,6.1.2021,moberly,Bellis perennis,74
1,3,6.1.2021,moberly,Capsella bursa-pastoris,254
1,3,6.1.2021,moberly,Cardamine hirsuta,2
1,3,6.1.2021,moberly,Cerastium glomeratum,23
1,3,6.1.2021,moberly,Erodium cicutarium,37
1,3,6.1.2021,moberly,Ranunculus repens,33
1,3,6.1.2021,moberly,Taraxacum officinale,1
1,3,6.1.2021,moberly,Trifolium dubium,770
1,3,6.1.2021,moberly,Trifolium repens,130
1,3,6.1.2021,moberly,Veronica arvensis,59
1,3,6.1.2021,oak meadows,Lupinus polyphyllus,36
1,3,6.1.2021,oak meadows,Ranunculus acris,49
1,3,6.1.2021,oak meadows,Stellaria media,1272
1,3,6.1.2021,oak meadows,Trifolium dubium,24
1,3,6.1.2021,oak meadows,Trifolium pratense,16
1,3,6.1.2021,oak meadows,Trifolium repens,6
1,3,6.3.2021,prince of wales,Achillea millefolium,16
1,3,6.3.2021,prince of wales,Cerastium glomeratum,3
1,3,6.3.2021,prince of wales,Ranunculus repens,11
1,3,6.3.2021,prince of wales,Trifolium dubium,28
1,3,6.3.2021,prince of wales,Trifolium pratense,39
1,3,6.3.2021,prince of wales,Trifolium repens,7
1,3,6.1.2021,queen elizabeth,Bellis perennis,1896
1,3,6.1.2021,queen elizabeth,Hypochaeris radicata,1
1,3,6.1.2021,queen elizabeth,Trifolium dubium,908
1,3,6.1.2021,queen elizabeth,Trifolium repens,27
1,3,6.1.2021,queen elizabeth,Veronica arvensis,3
1,3,6.1.2021,quilchena,Taraxacum officinale,1
1,3,6.1.2021,quilchena,Trifolium dubium,681
1,3,6.1.2021,quilchena,Trifolium repens,176
1,3,6.2.2021,rupert,Bellis perennis,381
1,3,6.2.2021,rupert,Cerastium glomeratum,225
1,3,6.2.2021,rupert,Ranunculus repens,8
1,3,6.2.2021,rupert,Trifolium dubium,636
1,3,6.2.2021,rupert,Trifolium pratense,2
1,3,6.2.2021,rupert,Trifolium repens,13
1,3,6.4.2021,slocan,Bellis perennis,39
1,3,6.4.2021,slocan,Ranunculus acris,12
1,3,6.4.2021,slocan,Trifolium dubium,495
1,3,6.4.2021,slocan,Trifolium pratense,3
1,3,6.4.2021,slocan,Trifolium repens,1248
1,3,6.2.2021,memorial south,Achillea millefolium,564
1,3,6.2.2021,memorial south,Centaurea cyanus,42
1,3,6.2.2021,memorial south,Cheiranthus allionii,11
1,3,6.2.2021,memorial south,Dianthus barbatus,35
1,3,6.2.2021,memorial south,Eschscholzia californica,2
1,3,6.2.2021,memorial south,Galium aparine,35
1,3,6.2.2021,memorial south,Geranium molle,2
1,3,6.2.2021,memorial south,Geranium robertianum,8
1,3,6.2.2021,memorial south,Hesperis matronalis,612
1,3,6.2.2021,memorial south,Linum lewisii,2
1,3,6.2.2021,memorial south,Lupinus polyphyllus,2377
1,3,6.2.2021,memorial south,Myosotis sylvatica,17
1,3,6.2.2021,memorial south,Nemophila menziesii,33
1,3,6.2.2021,memorial south,Papaver sp.,21
1,3,6.2.2021,memorial south,Ranunculus repens,45
1,3,6.2.2021,memorial south,Senecio vulgaris,21
1,3,6.2.2021,memorial south,Sisymbrium officinale,8
1,3,6.2.2021,memorial south,Sonchus arvensis,1
1,3,6.2.2021,memorial south,Taraxacum officinale,1
1,3,6.2.2021,memorial south,Trifolium dubium,227
1,3,6.2.2021,memorial south,Trifolium pratense,26
1,3,6.2.2021,memorial south,Trifolium repens,1004
1,3,6.2.2021,memorial south,Vicia americana,38
1,3,6.2.2021,west memorial,Bellis perennis,253
1,3,6.2.2021,west memorial,Ranunculus repens,12
1,3,6.2.2021,west memorial,Trifolium dubium,174
1,3,6.2.2021,west memorial,Trifolium repens,17
1,3,6.2.2021,west memorial,Veronica serpyllifolia,2
1,3,6.1.2021,winona,Bellis perennis,3
1,3,6.1.2021,winona,Cerastium glomeratum,129
1,3,6.1.2021,winona,Trifolium dubium,128
1,3,6.1.2021,winona,Trifolium repens,50
1,3,6.1.2021,winona,Veronica arvensis,6
1,4,6.22.2021,balaclava,Plantago lanceolata,6
1,4,6.22.2021,balaclava,Trifolium dubium,334
1,4,6.22.2021,balaclava,Trifolium repens,86
1,4,6.17.2021,bobolink,Bellis perennis,246
1,4,6.17.2021,bobolink,Cerastium glomeratum,1
1,4,6.17.2021,bobolink,Ranunculus repens,46
1,4,6.17.2021,bobolink,Trifolium dubium,922
1,4,6.17.2021,bobolink,Trifolium repens,246
1,4,6.18.2021,china creek,Brassica sp.,50
1,4,6.18.2021,china creek,Epilobium ciliatum,12
1,4,6.18.2021,china creek,Eschscholzia californica,187
1,4,6.18.2021,china creek,Lupinus polyphyllus,17
1,4,6.18.2021,china creek,Papaver sp.,6
1,4,6.18.2021,china creek,Ranunculus acris,82
1,4,6.18.2021,china creek,Ranunculus repens,268
1,4,6.18.2021,china creek,Sisymbrium officinale,28
1,4,6.18.2021,china creek,Solanum dulcamara,6
1,4,6.18.2021,china creek,Taraxacum officinale,1
1,4,6.18.2021,china creek,Trifolium pratense,280
1,4,6.21.2021,falaise,Bellis perennis,22
1,4,6.21.2021,falaise,Cerastium glomeratum,14
1,4,6.21.2021,falaise,Geranium molle,2
1,4,6.21.2021,falaise,Hypericum anagalloides,65
1,4,6.21.2021,falaise,Ranunculus acris,21
1,4,6.21.2021,falaise,Ranunculus repens,449
1,4,6.21.2021,falaise,Trifolium dubium,128
1,4,6.21.2021,falaise,Trifolium pratense,9
1,4,6.21.2021,falaise,Trifolium repens,347
1,4,6.21.2021,gordon,Bellis perennis,9
1,4,6.21.2021,gordon,Cerastium glomeratum,15
1,4,6.21.2021,gordon,Taraxacum officinale,1
1,4,6.21.2021,gordon,Trifolium dubium,717
1,4,6.21.2021,gordon,Trifolium repens,394
1,4,6.18.2021,kensington,Bellis perennis,12
1,4,6.18.2021,kensington,Cerastium glomeratum,1
1,4,6.18.2021,kensington,Hypochaeris radicata,2
1,4,6.18.2021,kensington,Ranunculus repens,2
1,4,6.18.2021,kensington,Trifolium dubium,399
1,4,6.18.2021,kensington,Trifolium repens,423
1,4,6.17.2021,killarney,Achillea millefolium,600
1,4,6.17.2021,killarney,Bellis perennis,35
1,4,6.17.2021,killarney,Hypochaeris radicata,21
1,4,6.17.2021,killarney,Ranunculus repens,28
1,4,6.17.2021,killarney,Rorippa palustris,686
1,4,6.17.2021,killarney,Trifolium repens,1385
1,4,6.22.2021,locarno,Erodium cicutarium,166
1,4,6.22.2021,locarno,Hypochaeris radicata,6
1,4,6.22.2021,locarno,Plantago lanceolata,28
1,4,6.22.2021,locarno,Trifolium dubium,485
1,4,6.16.2021,moberly,Bellis perennis,33
1,4,6.16.2021,moberly,Capsella bursa-pastoris,372
1,4,6.16.2021,moberly,Erodium cicutarium,46
1,4,6.16.2021,moberly,Taraxacum officinale,2
1,4,6.16.2021,moberly,Trifolium dubium,257
1,4,6.16.2021,moberly,Trifolium repens,328
1,4,6.16.2021,moberly,Veronica arvensis,22
1,4,6.16.2021,oak meadows,Achillea millefolium,39
1,4,6.16.2021,oak meadows,Hypochaeris radicata,14
1,4,6.16.2021,oak meadows,Ranunculus acris,27
1,4,6.16.2021,oak meadows,Stellaria media,1320
1,4,6.16.2021,oak meadows,Trifolium dubium,13
1,4,6.16.2021,oak meadows,Trifolium pratense,25
1,4,6.16.2021,oak meadows,Trifolium repens,39
1,4,6.18.2021,oak meadows,Vicia cracca,70
1,4,6.18.2021,prince of wales,Achillea millefolium,565
1,4,6.18.2021,prince of wales,Cerastium glomeratum,1
1,4,6.18.2021,prince of wales,Hypochaeris radicata,1
1,4,6.18.2021,prince of wales,Ranunculus acris,24
1,4,6.18.2021,prince of wales,Ranunculus repens,3
1,4,6.18.2021,prince of wales,Trifolium dubium,101
1,4,6.18.2021,prince of wales,Trifolium pratense,80
1,4,6.18.2021,prince of wales,Trifolium repens,83
1,4,6.18.2021,queen elizabeth,Bellis perennis,583
1,4,6.18.2021,queen elizabeth,Cerastium glomeratum,37
1,4,6.18.2021,queen elizabeth,Hypochaeris radicata,9
1,4,6.18.2021,queen elizabeth,Trifolium dubium,493
1,4,6.18.2021,queen elizabeth,Trifolium repens,202
1,4,6.17.2021,quilchena,Hypochaeris radicata,2
1,4,6.17.2021,quilchena,Ranunculus repens,2
1,4,6.17.2021,quilchena,Trifolium dubium,684
1,4,6.17.2021,quilchena,Trifolium repens,379
1,4,6.17.2021,rupert,Bellis perennis,183
1,4,6.17.2021,rupert,Cerastium glomeratum,189
1,4,6.17.2021,rupert,Hypochaeris radicata,2
1,4,6.17.2021,rupert,Plantago lanceolata,12
1,4,6.22.2021,rupert,Prunella vulgaris,830
1,4,6.22.2021,rupert,Ranunculus repens,13
1,4,6.22.2021,rupert,Trifolium dubium,1395
1,4,6.22.2021,rupert,Trifolium pratense,37
1,4,6.22.2021,rupert,Trifolium repens,296
1,4,6.22.2021,rupert,Veronica arvensis,54
1,4,6.22.2021,slocan,Bellis perennis,7
1,4,6.22.2021,slocan,Ranunculus repens,2
1,4,6.17.2021,slocan,Trifolium dubium,87
1,4,6.17.2021,slocan,Trifolium pratense,3
1,4,6.17.2021,slocan,Trifolium repens,1075
1,4,6.17.2021,memorial south,Achillea millefolium,19231
1,4,6.17.2021,memorial south,Capsella bursa-pastoris,16
1,4,6.22.2021,memorial south,Centaurea cyanus,52
1,4,6.22.2021,memorial south,Delphinium consolida,36
1,4,6.22.2021,memorial south,Dianthus barbatus,168
1,4,6.22.2021,memorial south,Eschscholzia californica,12
1,4,6.22.2021,memorial south,Galium aparine,456
1,4,6.22.2021,memorial south,Linum lewisii,1
1,4,6.22.2021,memorial south,Lupinus polyphyllus,24
1,4,6.22.2021,memorial south,Papaver sp.,5
1,4,6.22.2021,memorial south,Sisymbrium officinale,76
1,4,6.22.2021,memorial south,Trifolium dubium,26
1,4,6.22.2021,memorial south,Trifolium pratense,90
1,4,6.22.2021,memorial south,Trifolium repens,1003
1,4,6.22.2021,west memorial,Bellis perennis,91
1,4,6.22.2021,west memorial,Cerastium glomeratum,48
1,4,6.21.2021,west memorial,Hypochaeris radicata,28
1,4,6.21.2021,west memorial,Prunella vulgaris,4
1,4,6.21.2021,west memorial,Trifolium dubium,280
1,4,6.21.2021,west memorial,Trifolium repens,29
1,4,6.21.2021,west memorial,Veronica arvensis,1
1,4,6.18.2021,winona,Bellis perennis,46
1,4,6.18.2021,winona,Cerastium glomeratum,73
1,4,6.18.2021,winona,Taraxacum officinale,1
1,4,6.18.2021,winona,Trifolium dubium,93
1,4,6.18.2021,winona,Trifolium repens,330
1,4,6.18.2021,winona,Veronica arvensis,6
1,5,7.5.2021,balaclava,Crepis capillaris,1
1,5,7.5.2021,balaclava,Hypochaeris radicata,1
1,5,7.5.2021,balaclava,Plantago lanceolata.,5
1,5,7.5.2021,balaclava,Trifolium repens,76
1,5,7.5.2021,bobolink,Bellis perennis,3
1,5,7.5.2021,bobolink,Hypochaeris radicata,1
1,5,7.5.2021,bobolink,Ranunculus repens,12
1,5,7.5.2021,bobolink,Trifolium dubium,27
1,5,7.5.2021,bobolink,Trifolium repens,118
1,5,7.11.2021,china creek,Achillea millefolium,1164
1,5,7.11.2021,china creek,Cerastium glomeratum,3
1,5,7.11.2021,china creek,Cheiranthus allionii,12
1,5,7.11.2021,china creek,Eschscholzia californica,10
1,5,7.11.2021,china creek,Foeniculum vulgare,273
1,5,7.11.2021,china creek,Medicago sativa,54
1,5,7.11.2021,china creek,Papaver sp.,5
1,5,7.11.2021,china creek,Persicaria maculosa,88
1,5,7.11.2021,china creek,Plantago majus,22
1,5,7.11.2021,china creek,Ranunculus repens,12
1,5,7.11.2021,china creek,Trifolium pratense,22
1,5,7.11.2021,china creek,Trifolium repens,12
1,5,7.5.2021,falaise,Bellis perennis,3
1,5,7.5.2021,falaise,Cerastium glomeratum,5
1,5,7.5.2021,falaise,Hypericum anagalloides,304
1,5,7.5.2021,falaise,Prunella vulgaris,1384
1,5,7.5.2021,falaise,Ranunculus acris,42
1,5,7.5.2021,falaise,Ranunculus repens,108
1,5,7.5.2021,falaise,Trifolium pratense,5
1,5,7.5.2021,falaise,Trifolium repens,328
1,5,7.3.2021,gordon,Hypochaeris radicata,5
1,5,7.3.2021,gordon,Trifolium dubium,70
1,5,7.3.2021,gordon,Trifolium repens,813
1,5,7.14.2021,kensington,Hypochaeris radicata,52
1,5,7.14.2021,kensington,Trifolium repens,20
1,5,7.5.2021,killarney,Achillea millefolium,2496
1,5,7.5.2021,killarney,Crepis capillaris,175
1,5,7.5.2021,killarney,Hypochaeris radicata,18
1,5,7.5.2021,killarney,Ranunculus repens,1
1,5,7.5.2021,killarney,Rorippa palustris,1016
1,5,7.5.2021,killarney,Trifolium repens,290
1,5,7.6.2021,locarno,Achillea millefolium,36
1,5,7.6.2021,locarno,Hypochaeris radicata,2
1,5,7.2.2021,moberly,Bellis perennis,4
1,5,7.2.2021,moberly,Capsella bursa-pastoris,7
1,5,7.2.2021,moberly,Cerastium glomeratum,11
1,5,7.2.2021,moberly,Erodium cicutarium,8
1,5,7.2.2021,moberly,Matricaria discoidea,18
1,5,7.2.2021,moberly,Plantago lanceolata,77
1,5,7.2.2021,moberly,Ranunculus repens,10
1,5,7.2.2021,moberly,Trifolium dubium,7
1,5,7.2.2021,moberly,Trifolium repens,33
1,5,7.2.2021,oak meadows,Achillea millefolium,331
1,5,7.2.2021,oak meadows,Hypochaeris radicata,43
1,5,7.2.2021,oak meadows,Ranunculus repens,1
1,5,7.2.2021,oak meadows,Stellaria media,127
1,5,7.2.2021,oak meadows,Trifolium pratense,47
1,5,7.2.2021,oak meadows,Trifolium repens,3
1,5,7.6.2021,prince of wales,Achillea millefolium,373
1,5,7.6.2021,prince of wales,Cerastium glomeratum,36
1,5,7.6.2021,prince of wales,Hypochaeris radicata,3
1,5,7.6.2021,prince of wales,Prunella vulgaris,26
1,5,7.6.2021,prince of wales,Ranunculus acris,3
1,5,7.6.2021,prince of wales,Trifolium dubium,2
1,5,7.6.2021,prince of wales,Trifolium pratense,163
1,5,7.6.2021,prince of wales,Trifolium repens,93
1,5,7.5.2021,queen elizabeth,Bellis perennis,6
1,5,7.5.2021,queen elizabeth,Hypochaeris radicata,216
1,5,7.5.2021,queen elizabeth,Trifolium repens,60
1,5,7.6.2021,quilchena,Achillea millefolium,76
1,5,7.6.2021,quilchena,Hypochaeris radicata,1
1,5,7.6.2021,quilchena,Ranunculus repens,1
1,5,7.6.2021,quilchena,Trifolium dubium,30
1,5,7.6.2021,quilchena,Trifolium repens,308
1,5,7.11.2021,rupert,Bellis perennis,3
1,5,7.11.2021,rupert,Cerastium glomeratum,4
1,5,7.11.2021,rupert,Crepis capillaris,35
1,5,7.11.2021,rupert,Plantago lanceolata,24
1,5,7.11.2021,rupert,Prunella vulgaris,627
1,5,7.11.2021,rupert,Trifolium dubium,163
1,5,7.11.2021,rupert,Trifolium pratense,16
1,5,7.11.2021,rupert,Trifolium repens,262
1,5,7.5.2021,slocan,Bellis perennis,2
1,5,7.5.2021,slocan,Hypochaeris radicata,1
1,5,7.5.2021,slocan,Plantago majus,3
1,5,7.5.2021,slocan,Trifolium pratense,4
1,5,7.5.2021,slocan,Trifolium repens,231
1,5,7.2.2021,memorial south,Achillea millefolium,14920
1,5,7.2.2021,memorial south,Centaurea cyanus,18
1,5,7.2.2021,memorial south,Convolvulus arvensis,4
1,5,7.2.2021,memorial south,Delphinium consolida,3830
1,5,7.2.2021,memorial south,Diplotaxis tenuifolia,1
1,5,7.2.2021,memorial south,Hypochaeris radicata,7
1,5,7.2.2021,memorial south,Leucanthemum vulgare,20
1,5,7.2.2021,memorial south,Melilotus albus,5760
1,5,7.2.2021,memorial south,Papaver sp.,2
1,5,7.2.2021,memorial south,Sisymbrium officinale,60
1,5,7.2.2021,memorial south,Sonchus arvensis,2
1,5,7.2.2021,memorial south,Trifolium pratense,279
1,5,7.2.2021,memorial south,Trifolium repens,75
1,5,7.6.2021,west memorial,Bellis perennis,4
1,5,7.6.2021,west memorial,Hypochaeris radicata,373
1,5,7.6.2021,west memorial,Prunella vulgaris,3
1,5,7.6.2021,west memorial,Trifolium dubium,7
1,5,7.6.2021,west memorial,Trifolium repens,12
1,5,7.5.2021,winona,Bellis perennis,1
1,5,7.5.2021,winona,Cerastium glomeratum,4
1,5,7.5.2021,winona,Plantago lanceolata.,4
1,5,7.5.2021,winona,Trifolium repens,222
1,6,7.16.2021,balaclava,Crepis capillaris,1
1,6,7.16.2021,balaclava,Hypochaeris radicata,1
1,6,7.16.2021,balaclava,Solidago lanceolata,5
1,6,7.16.2021,balaclava,Trifolium repens,76
1,6,7.29.2021,bobolink,Crepis capillaris,2
1,6,7.29.2021,bobolink,Hypochaeris radicata,19
1,6,7.29.2021,bobolink,Trifolium repens,26
1,6,7.27.2021,china creek,Achillea millefolium,336
1,6,7.27.2021,china creek,Centaurea cyanus,1
1,6,7.27.2021,china creek,Chenopodium sp.,1400
1,6,7.27.2021,china creek,Coreopsis lanceolata,4
1,6,7.27.2021,china creek,Crepis capillaris,35
1,6,7.27.2021,china creek,Eschscholzia californica,176
1,6,7.27.2021,china creek,Helianthus annus,1
1,6,7.27.2021,china creek,Layia platyglossa,2
1,6,7.27.2021,china creek,Medicago sativa,997
1,6,7.27.2021,china creek,Mycelis muralis,40
1,6,7.27.2021,china creek,Plantago lanceolata,9
1,6,7.27.2021,china creek,Rumex sp.,64
1,6,7.27.2021,china creek,Taraxacum officinale,1
1,6,7.27.2021,china creek,Trifolium pratense,27
1,6,7.24.2021,falaise,Achillea millefolium,12
1,6,7.24.2021,falaise,Crepis capillaris,6
1,6,7.24.2021,falaise,Hypericum anagalloides,10
1,6,7.24.2021,falaise,Hypochaeris radicata,38
1,6,7.24.2021,falaise,Plantago lanceolata,42
1,6,7.24.2021,falaise,Prunella vulgaris,128
1,6,7.24.2021,falaise,Trifolium repens,71
1,6,7.22.2021,gordon,Crepis capillaris,6
1,6,7.22.2021,gordon,Hypochaeris radicata,7
1,6,7.29.2021,kensington,Hypochaeris radicata,16
1,6,7.29.2021,kensington,Trifolium repens,13
1,6,7.29.2021,killarney,Achillea millefolium,2318
1,6,7.29.2021,killarney,Crepis capillaris,151
1,6,7.29.2021,killarney,Lupinus polyphyllus,27
1,6,7.29.2021,killarney,Plantago lanceolata,9
1,6,7.29.2021,killarney,Rorippa palustris,1430
1,6,7.29.2021,killarney,Sysimbrium officinale,195
1,6,7.29.2021,killarney,Trifolium incarnatum,22
1,6,7.29.2021,killarney,Trifolium pratense,2
1,6,7.29.2021,killarney,Trifolium repens,5
1,6,7.20.2021,locarno,Achillea millefolium,4
1,6,7.20.2021,locarno,Hypochaeris radicata,1
1,6,7.16.2021,moberly,Achillea millefolium,5
1,6,7.16.2021,moberly,Capsella bursa-pastoris,33
1,6,7.16.2021,moberly,Erodium cicutarium,17
1,6,7.16.2021,moberly,Hypochaeris radicata,1
1,6,7.16.2021,moberly,Matricaria discoidea,8
1,6,7.16.2021,moberly,Plantago lanceolata,19
1,6,7.16.2021,moberly,Ranunculus repens,1
1,6,7.16.2021,moberly,Trifolium dubium,4
1,6,7.16.2021,moberly,Trifolium repens,17
1,6,7.21.2021,oak meadows,Achillea millefolium,2387
1,6,7.21.2021,oak meadows,Hypochaeris radicata,24
1,6,7.16.2021,prince of wales,Achillea millefolium,752
1,6,7.16.2021,prince of wales,Hypochaeris radicata,9
1,6,7.16.2021,prince of wales,Ranunculus acris,2
1,6,7.16.2021,prince of wales,Trifolium pratense,118
1,6,7.16.2021,prince of wales,Trifolium repens,30
1,6,7.16.2021,prince of wales,Veronica serpyllifolia,37
1,6,7.21.2021,queen elizabeth,Hypochaeris radicata,136
1,6,7.16.2021,quilchena,Achillea millefolium,91
1,6,7.16.2021,quilchena,Hypochaeris radicata,83
1,6,7.16.2021,quilchena,Matricaria discoidea,1
1,6,7.16.2021,quilchena,Trifolium dubium,5
1,6,7.16.2021,quilchena,Trifolium pratense,7
1,6,7.16.2021,quilchena,Trifolium repens,133
1,6,7.27.2021,rupert,Crepis capillaris,16
1,6,7.27.2021,rupert,Plantago lanceolata,8
1,6,7.27.2021,rupert,Prunella vulgaris,70
1,6,7.27.2021,rupert,Trifolium pratense,21
1,6,7.27.2021,rupert,Trifolium repens,11
1,6,7.24.2021,slocan,Crepis capillaris,115
1,6,7.24.2021,slocan,Plantago majus,11
1,6,7.24.2021,slocan,Trifolium pratense,16
1,6,7.24.2021,slocan,Trifolium repens,49
1,6,7.22.2021,memorial south,Achillea millefolium,1100
1,6,7.22.2021,memorial south,Campanula rapunculoides,16
1,6,7.22.2021,memorial south,Centaurea cyanus,32
1,6,7.22.2021,memorial south,Delphinium consolida,67
1,6,7.22.2021,memorial south,Eschscholzia californica,3
1,6,7.22.2021,memorial south,Melilotus albus,144
1,6,7.22.2021,memorial south,Papaver sp.,1
1,6,7.22.2021,memorial south,Taraxacum officinale,1
1,6,7.22.2021,memorial south,Trifolium pratense,12
1,6,7.22.2021,memorial south,Trifolium repens,3
1,6,7.20.2021,west memorial,Bellis perennis,1
1,6,7.20.2021,west memorial,Crepis capillaris,1
1,6,7.20.2021,west memorial,Hypochaeris radicata,207
1,6,7.20.2021,west memorial,Trifolium repens,16
1,6,7.16.2021,winona,Cerastium glomeratum,10
1,6,7.16.2021,winona,Hypochaeris radicata,1
1,6,7.16.2021,winona,Trifolium dubium,2
1,6,7.16.2021,winona,Hypochaeris radicata,1
1,7,8.9.2021,balaclava,Crepis capillaris,162
1,7,8.9.2021,balaclava,Plantago lanceolata,2
1,7,8.9.2021,balaclava,Trifolium repens,2
1,7,8.9.2021,bobolink,Crepis capillaris,74
1,7,8.9.2021,bobolink,Hypochaeris radicata,3
1,7,8.9.2021,bobolink,Plantago lanceolata,5
1,7,8.9.2021,bobolink,Trifolium repens,9
1,7,8.19.2021,china creek,Achillea millefolium,30
1,7,8.19.2021,china creek,Centaurea cyanus,1
1,7,8.19.2021,china creek,Cheiranthus allionii,6
1,7,8.19.2021,china creek,Chenopodium sp.,600
1,7,8.19.2021,china creek,Coreopsis lanceolata,3
1,7,8.19.2021,china creek,Crepis capillaris,5
1,7,8.19.2021,china creek,Eschscholzia californica,20
1,7,8.19.2021,china creek,Medicago sativa,625
1,7,8.19.2021,china creek,Melilotus albus,5
1,7,8.19.2021,china creek,Trifolium pratense,9
1,7,8.10.2021,falaise,Crepis capillaris,71
1,7,8.10.2021,falaise,Hypochaeris radicata,92
1,7,8.10.2021,falaise,Plantago lanceolata,15
1,7,8.10.2021,falaise,Prunella vulgaris,27
1,7,8.10.2021,falaise,Trifolium repens,7
1,7,8.19.2021,gordon,Crepis capillaris,422
1,7,8.19.2021,gordon,Plantago lanceolata,2
1,7,8.19.2021,gordon,Trifolium repens,7
1,7,8.19.2021,kensington,Crepis capillaris,13
1,7,8.19.2021,kensington,Hypochaeris radicata,5
1,7,8.19.2021,kensington,Plantago lanceolata,1
1,7,8.9.2021,killarney,Crepis capillaris,12
1,7,8.17.2021,locarno,NA,NA
1,7,8.10.2021,moberly,Bellis perennis,1
1,7,8.10.2021,moberly,Erodium cicutarium,7
1,7,8.10.2021,moberly,Hypochaeris radicata,1
1,7,8.10.2021,moberly,Plantago lanceolata,11
1,7,8.10.2021,moberly,Trifolium repens,3
1,7,8.10.2021,oak meadows,Achillea millefolium,40
1,7,8.19.2021,prince of wales,Trifolium pratense,1
1,7,8.10.2021,queen elizabeth,Hypochaeris radicata,6
1,7,8.11.2021,quilchena,Achillea millefolium,12
1,7,8.11.2021,quilchena,Crepis capillaris,153
1,7,8.11.2021,quilchena,Hypochaeris radicata,64
1,7,8.11.2021,quilchena,Matricaria discoidea,2
1,7,8.11.2021,quilchena,Ranunculus repens,1
1,7,8.11.2021,quilchena,Trifolium repens,6
1,7,8.11.2021,rupert,Crepis capillaris,291
1,7,8.11.2021,rupert,Hypochaeris radicata,20
1,7,8.11.2021,rupert,Plantago lanceolata,26
1,7,8.11.2021,rupert,Prunella vulgaris,10
1,7,8.11.2021,rupert,Trifolium pratense,45
1,7,8.11.2021,rupert,Trifolium repens,8
1,7,8.10.2021,slocan,Crepis capillaris,165
1,7,8.10.2021,slocan,Trifolium pratense,6
1,7,8.10.2021,slocan,Trifolium repens,32
1,7,8.9.2021,memorial south,Achillea millefolium,198
1,7,8.9.2021,memorial south,Centaurea cyanus,1
1,7,8.9.2021,memorial south,Delphinium consolida,35
1,7,8.9.2021,memorial south,Diplotaxis tenuifolia,5
1,7,8.9.2021,memorial south,Eschscholzia californica,2
1,7,8.9.2021,memorial south,Hypochaeris radicata,3
1,7,8.9.2021,memorial south,Trifolium pratense,7
1,7,8.19.2021,west memorial,Hypochaeris radicata,1
1,7,8.10.22,winona,Cerastium glomeratum,26
1,7,8.10.22,winona,Hypochaeris radicata,2
1,7,8.10.22,winona,Trifolium repens,36
2,1,5.3.2022,balaclava,Cerastium glomeratum,9
2,1,5.3.2022,balaclava,Taraxacum officinale,1
2,1,5.5.2022,bobolink,Bellis perennis,379
2,1,5.5.2022,bobolink,Cerastium glomeratum,13
2,1,5.5.2022,bobolink,Draba verna,6
2,1,5.5.2022,bobolink,Erodium cicutarium,3
2,1,5.5.2022,bobolink,Stellaria media,10
2,1,5.5.2022,bobolink,Taraxacum officinale,57
2,1,5.5.2022,bobolink,Veronica arvensis,14
2,1,5.4.2022,china creek,Lunaria annua,263
2,1,5.4.2022,china creek,Taraxacum officinale,155
2,1,5.4.2022,falaise,Bellis perennis,293
2,1,5.4.2022,falaise,Sagina procumbens,1
2,1,5.4.2022,falaise,Stellaria media,68
2,1,5.4.2022,falaise,Taraxacum officinale,544
2,1,5.4.2022,falaise,Veronica serpyllifolia,5
2,1,5.5.2022,gordon,Bellis perennis,157
2,1,5.5.2022,gordon,Sagina procumbens,2
2,1,5.5.2022,gordon,Stellaria media,33
2,1,5.5.2022,gordon,Taraxacum officinale,201
2,1,5.5.2022,gordon,Veronica arvensis,48
2,1,5.4.2022,kensington,Bellis perennis,2
2,1,5.5.2022,killarney,Capsella bursa-pastoris,131
2,1,5.5.2022,killarney,Draba verna,6
2,1,5.5.2022,killarney,Lamium purpureum,1824
2,1,5.5.2022,killarney,Stellaria media,151
2,1,5.5.2022,killarney,Taraxacum officinale,438
2,1,5.4.2022,locarno,Capsella bursa-pastoris,3977
2,1,5.4.2022,locarno,Erodium cicutarium,13
2,1,5.4.2022,locarno,Stellaria media,1
2,1,5.3.2022,moberly,Bellis perennis,533
2,1,5.3.2022,moberly,Capsella bursa-pastoris,350
2,1,5.3.2022,moberly,Cerastium glomeratum,1
2,1,5.3.2022,moberly,Erodium cicutarium,37
2,1,5.3.2022,moberly,Taraxacum officinale,59
2,1,5.3.2022,moberly,Veronica arvensis,4
2,1,5.3.2022,oak meadows,Capsella bursa-pastoris,261
2,1,5.3.2022,oak meadows,Sagina procumbens,5
2,1,5.3.2022,oak meadows,Stellaria media,2
2,1,5.3.2022,oak meadows,Veronica arvensis,20
2,1,5.2.2022,prince of wales,Stellaria media,2
2,1,5.2.2022,prince of wales,Taraxacum officinale,1
2,1,5.3.2022,queen elizabeth,Bellis perennis,363
2,1,5.3.2022,queen elizabeth,Stellaria media,1
2,1,5.3.2022,queen elizabeth,Taraxacum officinale,5
2,1,5.2.2022,quilchena,Taraxacum officinale,65
2,1,5.4.2022,rupert,Bellis perennis,577
2,1,5.4.2022,rupert,Cerastium glomeratum,5
2,1,5.4.2022,rupert,Stellaria media,3
2,1,5.4.2022,rupert,Taraxacum officinale,152
2,1,5.5.2022,slocan,Bellis perennis,3
2,1,5.5.2022,slocan,Cerastium glomeratum,3
2,1,5.5.2022,slocan,Taraxacum officinale,1
2,1,5.4.2022,memorial south,Anthriscus caucalis,72
2,1,5.4.2022,memorial south,Cardamine hirsuta,119
2,1,5.4.2022,memorial south,Geranium molle,52
2,1,5.4.2022,memorial south,Hyacinthoides non-scripta,3
2,1,5.4.2022,memorial south,Lamium purpureum,4439
2,1,5.4.2022,memorial south,Nemophila menziesii,1
2,1,5.4.2022,memorial south,Senecio vulgaris,28
2,1,5.4.2022,memorial south,Stellaria media,92
2,1,5.4.2022,memorial south,Taraxacum officinale,10
2,1,5.3.2022,west memorial,Bellis perennis,144
2,1,5.3.2022,west memorial,Taraxacum officinale,51
2,1,5.3.2022,winona,Bellis perennis,24
2,1,5.3.2022,winona,Capsella bursa-pastoris,12
2,1,5.3.2022,winona,Cerastium glomeratum,16
2,1,5.3.2022,winona,Sagina procumbens,12
2,1,5.3.2022,winona,Stellaria media,18
2,1,5.3.2022,winona,Taraxacum officinale,10
2,1,5.3.2022,winona,Veronica arvensis,2
2,2,5.16.2022,balaclava,Cerastium glomeratum,7
2,2,5.16.2022,balaclava,Sagina procumbens,14
2,2,5.16.2022,balaclava,Veronica arvensis,25
2,2,5.20.2022,bobolink,Bellis perennis,627
2,2,5.20.2022,bobolink,Cerastium glomeratum,618
2,2,5.20.2022,bobolink,Ranunculus repens,2
2,2,5.20.2022,bobolink,Sagina procumbens,13
2,2,5.20.2022,bobolink,Stellaria media,18
2,2,5.20.2022,bobolink,Taraxacum officinale,2
2,2,5.20.2022,bobolink,Veronica arvensis,279
2,2,5.19.2022,china creek,Lunaria annua,77
2,2,5.19.2022,china creek,Nepeta cataria,175
2,2,5.19.2022,china creek,Ranunculus repens,19
2,2,5.19.2022,china creek,Taraxacum officinale,19
2,2,5.21.2022,falaise,Bellis perennis,121
2,2,5.21.2022,falaise,Ranunculus acris,2
2,2,5.21.2022,falaise,Ranunculus repens,45
2,2,5.21.2022,falaise,Taraxacum officinale,5
2,2,5.21.2022,falaise,Veronica serpyllifolia,1
2,2,5.20.2022,gordon,Bellis perennis,29
2,2,5.20.2022,gordon,Cerastium glomeratum,33
2,2,5.20.2022,gordon,Stellaria media,45
2,2,5.20.2022,gordon,Taraxacum officinale,3
2,2,5.20.2022,gordon,Veronica arvensis,15
2,2,5.19.2022,kensington,Bellis perennis,3
2,2,5.19.2022,kensington,Cerastium glomeratum,2
2,2,5.20.2022,killarney,Capsella bursa-pastoris,195
2,2,5.20.2022,killarney,Cerastium glomeratum,34
2,2,5.20.2022,killarney,Lamium purpureum,2094
2,2,5.20.2022,killarney,Rorippa palustris,8
2,2,5.20.2022,killarney,Stellaria media,180
2,2,5.20.2022,killarney,Taraxacum officinale,34
2,2,5.20.2022,killarney,Trifolium incarnatum,12
2,2,5.16.2022,locarno,Capsella bursa-pastoris,114
2,2,5.16.2022,locarno,Erodium cicutarium,6
2,2,5.16.2022,locarno,Trifolium dubium,4
2,2,5.16.2022,locarno,Veronica arvensis,52
2,2,5.17.2022,moberly,Bellis perennis,881
2,2,5.17.2022,moberly,Capsella bursa-pastoris,811
2,2,5.17.2022,moberly,Cerastium glomeratum,26
2,2,5.17.2022,moberly,Erodium cicutarium,42
2,2,5.17.2022,moberly,Ranunculus repens,1
2,2,5.17.2022,moberly,Taraxacum officinale,5
2,2,5.17.2022,moberly,Trifolium dubium,1
2,2,5.17.2022,moberly,Veronica arvensis,55
2,2,5.17.2022,oak meadows,Capsella bursa-pastoris,18
2,2,5.17.2022,oak meadows,Lepidium campestre,159
2,2,5.17.2022,oak meadows,Ranunculus repens,4
2,2,5.17.2022,oak meadows,Taraxacum officinale,1
2,2,5.16.2022,prince of wales,Bellis perennis,1
2,2,5.19.2022,queen elizabeth,Bellis perennis,650
2,2,5.19.2022,queen elizabeth,Cerastium glomeratum,2
2,2,5.19.2022,queen elizabeth,Stellaria media,6
2,2,5.19.2022,queen elizabeth,Taraxacum officinale,2
2,2,5.17.2022,quilchena,Sagina procumbens,1
2,2,5.17.2022,quilchena,Taraxacum officinale,9
2,2,5.21.2022,rupert,Bellis perennis,69
2,2,5.21.2022,rupert,Cerastium glomeratum,5
2,2,5.21.2022,rupert,Veronica arvensis,2
2,2,5.20.2022,slocan,Bellis perennis,56
2,2,5.20.2022,slocan,Cerastium glomeratum,107
2,2,5.20.2022,slocan,Veronica arvensis,7
2,2,5.20.2022,memorial south,Anthriscus caucalis,83
2,2,5.20.2022,memorial south,Geranium molle,211
2,2,5.20.2022,memorial south,Lamium purpureum,124
2,2,5.20.2022,memorial south,Nemophila menziesii,2
2,2,5.20.2022,memorial south,Ranunculus repens,30
2,2,5.20.2022,memorial south,Senecio vulgaris,8
2,2,5.20.2022,memorial south,Stellaria media,115
2,2,5.20.2022,memorial south,Sysimbrium officinale,77
2,2,5.20.2022,memorial south,Trifolium repens,1
2,2,5.20.2022,memorial south,Vicia sativa,1
2,2,5.16.2022,west memorial,Bellis perennis,363
2,2,5.16.2022,west memorial,Stellaria media,37
2,2,5.16.2022,west memorial,Taraxacum officinale,2
2,2,5.16.2022,west memorial,Veronica arvensis,3
2,2,5.16.2022,west memorial,Veronica serpyllifolia,1
2,2,5.17.2022,winona,Bellis perennis,45
2,2,5.17.2022,winona,Cerastium glomeratum,25
2,2,5.17.2022,winona,Taraxacum officinale,1
2,2,5.17.2022,winona,Trifolium dubium,8
2,2,5.17.2022,winona,Veronica arvensis,5
2,3,5.30.2022,balaclava,Trifolium dubium,37
2,3,5.30.2022,balaclava,Trifolium repens,5
2,3,6.7.2022,bobolink,Bellis perennis,244
2,3,6.7.2022,bobolink,Cerastium glomeratum,23
2,3,6.7.2022,bobolink,Ranunculus repens,14
2,3,6.7.2022,bobolink,Stellaria media,1
2,3,6.7.2022,bobolink,Trifolium dubium,1094
2,3,6.7.2022,bobolink,Trifolium repens,5
2,3,6.7.2022,bobolink,Veronica arvensis,2
2,3,5.31.2022,china creek,Lunaria annua,194
2,3,5.31.2022,china creek,Nepeta cataria,488
2,3,5.31.2022,china creek,Ranunculus repens,327
2,3,5.31.2022,china creek,Trifolium pratense,6
2,3,5.31.2022,falaise,Bellis perennis,142
2,3,5.31.2022,falaise,Cerastium glomeratum,67
2,3,5.31.2022,falaise,Ranunculus repens,336
2,3,5.31.2022,falaise,Sagina procumbens,387
2,3,6.7.2022,gordon,Bellis perennis,53
2,3,6.7.2022,gordon,Cerastium glomeratum,6
2,3,6.7.2022,gordon,Sagina procumbens,19
2,3,6.7.2022,gordon,Stellaria media,3
2,3,6.7.2022,gordon,Trifolium dubium,153
2,3,6.7.2022,gordon,Trifolium repens,12
2,3,6.7.2022,gordon,Veronica arvensis,3
2,3,5.31.2022,kensington,Bellis perennis,29
2,3,5.31.2022,kensington,Cerastium glomeratum,78
2,3,5.31.2022,kensington,Sagina procumbens,12
2,3,5.31.2022,kensington,Stellaria media,1
2,3,5.31.2022,kensington,Trifolium dubium,200
2,3,5.31.2022,killarney,Capsella bursa-pastoris,367
2,3,5.31.2022,killarney,Cerastium glomeratum,90
2,3,5.31.2022,killarney,Lamium purpureum,121
2,3,5.31.2022,killarney,Linum lewisii,14
2,3,5.31.2022,killarney,Stellaria media,31
2,3,5.31.2022,killarney,Trifolium dubium,103
2,3,5.31.2022,killarney,Trifolium incarnatum,45
2,3,5.30.2022,locarno,Capsella bursa-pastoris,30
2,3,5.30.2022,locarno,Erodium cicutarium,2
2,3,5.30.2022,locarno,Plantago lanceolata,1
2,3,5.30.2022,locarno,Plectritis congesta,2
2,3,5.30.2022,locarno,Trifolium dubium,792
2,3,5.30.2022,moberly,Bellis perennis,227
2,3,5.30.2022,moberly,Capsella bursa-pastoris,923
2,3,5.30.2022,moberly,Draba verna,1
2,3,5.30.2022,moberly,Erodium cicutarium,353
2,3,5.30.2022,moberly,Ranunculus repens,1
2,3,5.30.2022,moberly,Trifolium dubium,1219
2,3,5.30.2022,moberly,Trifolium repens,16
2,3,5.30.2022,moberly,Veronica arvensis,59
2,3,5.30.2022,oak meadows,Lepidium campestre,398
2,3,5.30.2022,oak meadows,Ornithopus perpusillus,1669
2,3,5.30.2022,oak meadows,Ranunculus acris,12
2,3,5.30.2022,oak meadows,Ranunculus repens,8
2,3,5.30.2022,oak meadows,Trifolium dubium,720
2,3,5.30.2022,oak meadows,Trifolium pratense,1
2,3,5.30.2022,prince of wales,Achillea millefolium,2
2,3,5.30.2022,prince of wales,Ranunculus acris,8
2,3,5.30.2022,prince of wales,Ranunculus repens,10
2,3,5.30.2022,prince of wales,Trifolium pratense,8
2,3,5.30.2022,prince of wales,Trifolium repens,1
2,3,5.30.2022,queen elizabeth,Bellis perennis,308
2,3,5.30.2022,queen elizabeth,Stellaria media,2
2,3,5.30.2022,queen elizabeth,Taraxacum officinale,2
2,3,5.30.2022,queen elizabeth,Trifolium dubium,85
2,3,5.30.2022,queen elizabeth,Veronica arvensis,7
2,3,5.30.2022,quilchena,Trifolium pratense,2
2,3,5.30.2022,quilchena,Trifolium repens,11
2,3,5.31.2022,rupert,Bellis perennis,342
2,3,5.31.2022,rupert,Cerastium glomeratum,34
2,3,5.31.2022,rupert,Trifolium dubium,1185
2,3,5.31.2022,rupert,Veronica arvensis,11
2,3,5.31.2022,slocan,Bellis perennis,67
2,3,5.31.2022,slocan,Cerastium glomeratum,168
2,3,5.31.2022,slocan,Sagina procumbens,16
2,3,5.31.2022,slocan,Trifolium repens,3
2,3,5.31.2022,slocan,Veronica arvensis,6
2,3,5.30.2022,memorial south,Anthriscus caucalis,85
2,3,5.30.2022,memorial south,Geranium molle,155
2,3,5.30.2022,memorial south,Lamium purpureum,6
2,3,5.30.2022,memorial south,Lupinus polyphyllus,117
2,3,5.30.2022,memorial south,Nemophila menziesii,1
2,3,5.30.2022,memorial south,Plantago lanceolata,3
2,3,5.30.2022,memorial south,Ranunculus acris,36
2,3,5.30.2022,memorial south,Senecio vulgaris,5
2,3,5.30.2022,memorial south,Sysimbrium officinale,80
2,3,5.30.2022,memorial south,Trifolium repens,13
2,3,5.30.2022,memorial south,Vicia sativa,134
2,3,5.30.2022,west memorial,Bellis perennis,841
2,3,5.30.2022,west memorial,Ranunculus repens,1
2,3,5.30.2022,west memorial,Stellaria media,7
2,3,5.30.2022,west memorial,Veronica arvensis,37
2,3,5.30.2022,west memorial,Veronica serpyllifolia,13
2,3,5.30.2022,winona,Bellis perennis,7
2,3,5.30.2022,winona,Cerastium glomeratum,44
2,3,5.30.2022,winona,Stellaria media,6
2,3,5.30.2022,winona,Taraxacum officinale,1
2,3,5.30.2022,winona,Trifolium dubium,137
2,3,5.30.2022,winona,Veronica arvensis,23
2,4,6.10.2022,balaclava,Bellis perennis,2
2,4,6.10.2022,balaclava,Trifolium dubium,879
2,4,6.10.2022,balaclava,Trifolium repens,122
2,4,6.10.2022,balaclava,Veronica arvensis,3
2,4,6.20.2022,bobolink,Bellis perennis,144
2,4,6.20.2022,bobolink,Cerastium glomeratum,11
2,4,6.20.2022,bobolink,Trifolium repens,32
2,4,6.20.2022,bobolink,Trifolium dubium,1165
2,4,6.20.2022,bobolink,Veronica arvensis,23
2,4,6.20.2022,bobolink,Ranunculus repens,3
2,4,6.20.2022,bobolink,Taraxacum officinale,1
2,4,6.15.2022,china creek,Lunaria annua,51
2,4,6.15.2022,china creek,Ranunculus repens,58
2,4,6.15.2022,china creek,Trifolium pratense,27
2,4,6.15.2022,china creek,Taraxacum officinale,2
2,4,6.15.2022,china creek,Trifolium repens,8
2,4,6.15.2022,china creek,Eschscholzia californica,6
2,4,6.15.2022,china creek,Brassica sp.,4
2,4,6.15.2022,china creek,Capsella bursa-pastoris,8
2,4,6.15.2022,china creek,Stellaria media,7
2,4,6.15.2022,china creek,Phacelia tanacetifolia,198
2,4,6.15.2022,china creek,Nepeta cataria,138
2,4,6.15.2022,china creek,Dianthus barbatus,3
2,4,6.15.2022,china creek,Symphotrichum douglasii,19
2,4,6.17.2022,falaise,Bellis perennis,10
2,4,6.17.2022,falaise,Cerastium glomeratum,210
2,4,6.17.2022,falaise,Hypericum anagalloides,26
2,4,6.17.2022,falaise,Ranunculus repens,518
2,4,6.17.2022,falaise,Trifolium dubium,473
2,4,6.17.2022,falaise,Trifolium repens,37
2,4,6.20.2022,gordon,Bellis perennis,57
2,4,6.20.2022,gordon,Trifolium repens,79
2,4,6.20.2022,gordon,Trifolium dubium,725
2,4,6.20.2022,gordon,Veronica arvensis,43
2,4,6.20.2022,gordon,Cerastium glomeratum,1
2,4,6.20.2022,gordon,Stellaria media,4
2,4,6.15.2022,kensington,Bellis perennis,2
2,4,6.15.2022,kensington,Ranunculus repens,3
2,4,6.15.2022,kensington,Trifolium dubium,4919
2,4,6.15.2022,kensington,Trifolium repens,8
2,4,6.20.2022,killarney,Linum lewisii,116
2,4,6.20.2022,killarney,Gaillardia pulchella,6
2,4,6.20.2022,killarney,Trifolium repens,125
2,4,6.20.2022,killarney,Hypochaeris radicata,18
2,4,6.20.2022,killarney,Trifolium pratense,20
2,4,6.20.2022,killarney,Trifolium dubium,759
2,4,6.20.2022,killarney,Trifolium incarnatum,4
2,4,6.20.2022,killarney,Bellis perennis,1
2,4,6.20.2022,killarney,Rorippa palustris,781
2,4,6.20.2022,killarney,Veronica arvensis,2
2,4,6.20.2022,killarney,Lupinus polyphyllus,4
2,4,6.20.2022,killarney,Capsella bursa-pastoris,7
2,4,6.10.2022,locarno,Plantago lanceolata,27
2,4,6.10.2022,locarno,Trifolium dubium,750
2,4,6.10.2022,locarno,Veronica arvensis,5
2,4,6.14.2022,moberly,Bellis perennis,178
2,4,6.14.2022,moberly,Capsella bursa-pastoris,160
2,4,6.14.2022,moberly,Erodium cicutarium,4
2,4,6.14.2022,moberly,Trifolium dubium,1581
2,4,6.14.2022,moberly,Trifolium repens,79
2,4,6.14.2022,moberly,Veronica arvensis,1
2,4,6.17.2022,oak meadows,Achillea millefolium,48
2,4,6.17.2022,oak meadows,Cerastium glomeratum,4
2,4,6.17.2022,oak meadows,Lepidium campestre,8
2,4,6.17.2022,oak meadows,Lupinus polyphyllus,49
2,4,6.17.2022,oak meadows,Ranunculus acris,18
2,4,6.17.2022,oak meadows,Ranunculus repens,46
2,4,6.17.2022,oak meadows,Stellaria media,138
2,4,6.17.2022,oak meadows,Trifolium dubium,1247
2,4,6.17.2022,oak meadows,Trifolium pratense,96
2,4,6.17.2022,oak meadows,Trifolium repens,36
2,4,6.13.2022,prince of wales,Achillea millefolium,224
2,4,6.13.2022,prince of wales,Bellis perennis,3
2,4,6.13.2022,prince of wales,Cerastium glomeratum,7
2,4,6.13.2022,prince of wales,Ranunculus acris,20
2,4,6.13.2022,prince of wales,Trifolium pratense,72
2,4,6.13.2022,prince of wales,Trifolium repens,5
2,4,6.13.2022,queen elizabeth,Bellis perennis,354
2,4,6.13.2022,queen elizabeth,Trifolium dubium,2146
2,4,6.13.2022,queen elizabeth,Trifolium repens,2
2,4,6.13.2022,quilchena,Bellis perennis,2
2,4,6.13.2022,quilchena,Ranunculus repens,44
2,4,6.13.2022,quilchena,Taraxacum officinale,1
2,4,6.13.2022,quilchena,Trifolium dubium,151
2,4,6.13.2022,quilchena,Trifolium pratense,11
2,4,6.13.2022,quilchena,Trifolium repens,163
2,4,6.20.2022,rupert,Trifolium repens,17
2,4,6.20.2022,rupert,Trifolium dubium,3945
2,4,6.20.2022,rupert,Bellis perennis,154
2,4,6.20.2022,rupert,Trifolium pratense,8
2,4,6.20.2022,rupert,Cerastium glomeratum,12
2,4,6.20.2022,rupert,Veronica arvensis,13
2,4,6.20.2022,rupert,Taraxacum officinale,1
2,4,6.20.2022,slocan,Trifolium repens,185
2,4,6.20.2022,slocan,Trifolium dubium,908
2,4,6.20.2022,slocan,Trifolium pratense,13
2,4,6.20.2022,slocan,Bellis perennis,23
2,4,6.20.2022,slocan,Veronica arvensis,1
2,4,6.20.2022,slocan,Veronica serpyllifolia,6
2,4,6.20.2022,slocan,Sagina procumbens,7
2,4,6.14.2022,memorial south,Achillea millefolium,85
2,4,6.14.2022,memorial south,Centaurea cyanus,1
2,4,6.14.2022,memorial south,Dianthus barbatus,32
2,4,6.14.2022,memorial south,Galium aparine,76
2,4,6.14.2022,memorial south,Geranium dissectum,77
2,4,6.14.2022,memorial south,Lupinus polyphyllus,1306
2,4,6.14.2022,memorial south,Myosotis discolor,5
2,4,6.14.2022,memorial south,Ranunculus repens,90
2,4,6.14.2022,memorial south,Senecio vulgaris,5
2,4,6.14.2022,memorial south,Sysimbrium officinale,521
2,4,6.14.2022,memorial south,Trifolium dubium,19
2,4,6.14.2022,memorial south,Trifolium repens,182
2,4,6.14.2022,memorial south,Vicia sativa,77
2,4,6.14.2022,memorial south,Vicia hirsuta,58
2,4,6.13.2022,west memorial,Bellis perennis,842
2,4,6.13.2022,west memorial,Cerastium glomeratum,15
2,4,6.13.2022,west memorial,Geranium molle,4
2,4,6.13.2022,west memorial,Plantago lanceolata,1
2,4,6.13.2022,west memorial,Ranunculus repens,38
2,4,6.13.2022,west memorial,Stellaria media,16
2,4,6.13.2022,west memorial,Trifolium dubium,87
2,4,6.13.2022,west memorial,Veronica arvensis,3
2,4,6.13.2022,west memorial,Veronica serpyllifolia,3
2,4,6.13.2022,winona,Bellis perennis,7
2,4,6.13.2022,winona,Cerastium glomeratum,14
2,4,6.13.2022,winona,Trifolium dubium,186
2,4,6.13.2022,winona,Trifolium repens,10
2,5,7.8.2022,bobolink,Trifolium repens,81
2,5,7.8.2022,bobolink,Trifolium dubium,1712
2,5,7.8.2022,bobolink,Capsella bursa-pastoris,2
2,5,7.8.2022,bobolink,Bellis perennis,22
2,5,7.8.2022,moberly,Trifolium repens,425
2,5,7.8.2022,moberly,Bellis perennis,68
2,5,7.8.2022,moberly,Trifolium dubium,1370
2,5,7.8.2022,moberly,Capsella bursa-pastoris,52
2,5,7.8.2022,moberly,Cerastium glomeratum,3
2,5,7.8.2022,moberly,Ranunculus repens,1
2,5,7.8.2022,moberly,Erodium cicutarium,135
2,5,7.8.2022,moberly,Prunella vulgaris,39
2,5,7.8.2022,moberly,Matricaria discoidea,24
2,5,7.8.2022,moberly,Veronica arvensis,2
2,5,7.12.2022,rupert,Trifolium repens,112
2,5,7.12.2022,rupert,Trifolium dubium,510
2,5,7.12.2022,rupert,Bellis perennis,15
2,5,7.12.2022,rupert,Trifolium pratense,15
2,5,7.12.2022,rupert,Plantago lanceolata,7
2,5,7.12.2022,rupert,Cerastium glomeratum,18
2,5,7.12.2022,rupert,Crepis capillaris,2
2,5,7.12.2022,slocan,Trifolium repens,114
2,5,7.12.2022,slocan,Trifolium dubium,332
2,5,7.12.2022,slocan,Bellis perennis,1
2,5,7.12.2022,slocan,Veronica arvensis,22
2,5,7.12.2022,slocan,Ranunculus repens,2
2,5,7.12.2022,china creek,Melilotus albus,6606
2,5,7.12.2022,china creek,Trifolium pratense,157
2,5,7.12.2022,china creek,Sysimbrium officinale,61
2,5,7.12.2022,china creek,Papaver sp.,39
2,5,7.12.2022,china creek,Anaphalis margaritacea,104
2,5,7.12.2022,china creek,Trifolium dubium,84
2,5,7.12.2022,china creek,Ranunculus repens,15
2,5,7.12.2022,china creek,Eschscholzia californica,15
2,5,7.12.2022,china creek,Solanum dulcamara,5
2,5,7.12.2022,china creek,Erigeron sp.,31
2,5,7.12.2022,china creek,Hypochaeris radicata,6
2,5,7.12.2022,china creek,Achillea millefolium,5320
2,5,7.12.2022,china creek,Centaurea cyanus,2
2,5,7.12.2022,china creek,Trifolium repens,66
2,5,7.12.2022,china creek,Lupinus polyphyllus,6
2,5,7.12.2022,china creek,Medicago sativa,10
2,5,7.12.2022,china creek,Leucanthemum vulgare,4
2,5,7.12.2022,china creek,Crepis capillaris,14
2,5,7.11.2022,memorial south,Achillea millefolium,5630
2,5,7.11.2022,memorial south,Trifolium pratense,11
2,5,7.11.2022,memorial south,Trifolium repens,107
2,5,7.11.2022,memorial south,Lupinus polyphyllus,14
2,5,7.11.2022,memorial south,Vicia sativa,1
2,5,7.11.2022,memorial south,Galium aparine,14
2,5,7.11.2022,memorial south,Leucanthemum vulgare,37
2,5,7.11.2022,memorial south,Delphinium consolida,143
2,5,7.11.2022,memorial south,Centaurea cyanus,18
2,5,7.11.2022,memorial south,Ranunculus repens,2
2,5,7.11.2022,memorial south,Sisymbrium officinale,10
2,5,7.11.2022,memorial south,Erodium cicutarium,8
2,5,7.11.2022,oak meadows,Stellaria media,128
2,5,7.11.2022,oak meadows,Achillea millefolium,3706
2,5,7.11.2022,oak meadows,Trifolium pratense,146
2,5,7.11.2022,oak meadows,Trifolium dubium,171
2,5,7.11.2022,oak meadows,Vicia cracca,143
2,5,7.11.2022,oak meadows,Hypochaeris radicata,9
2,5,7.11.2022,oak meadows,Cerastium glomeratum,8
2,5,7.11.2022,oak meadows,Ranunculus repens,19
2,5,7.11.2022,oak meadows,Trifolium repens,58
2,5,7.11.2022,oak meadows,Lupinus polyphyllus,23
2,5,7.11.2022,winona,Hypochaeris radicata,1
2,5,7.11.2022,winona,Cerastium glomeratum,9
2,5,7.11.2022,winona,Trifolium repens,275
2,5,7.11.2022,winona,Bellis perennis,3
2,5,7.11.2022,winona,Plantago lanceolata,22
2,5,7.11.2022,queen elizabeth,Trifolium dubium,516
2,5,7.11.2022,queen elizabeth,Bellis perennis,17
2,5,7.11.2022,queen elizabeth,Trifolium repens,57
2,5,7.11.2022,queen elizabeth,Veronica arvensis,2
2,5,7.11.2022,queen elizabeth,Cerastium glomeratum,2
2,5,7.8.2022,killarney,Coreopsis lanceolata,92
2,5,7.8.2022,killarney,Linum lewisii,4
2,5,7.8.2022,killarney,Medicago sativa,8
2,5,7.8.2022,killarney,Trifolium repens,143
2,5,7.8.2022,killarney,Trifolium dubium,255
2,5,7.8.2022,killarney,Trifolium pratense,112
2,5,7.8.2022,killarney,Gaillardia pulchella,1
2,5,7.8.2022,killarney,Hypochaeris radicata,94
2,5,7.8.2022,killarney,Trifolium incarnatum,6
2,5,7.8.2022,killarney,Melilotus officinalis,297
2,5,7.8.2022,killarney,Plantago lanceolata,35
2,5,7.8.2022,killarney,Erodium cicutarium,2
2,5,7.8.2022,killarney,Rorippa palustris,207
2,5,7.8.2022,falaise,Ranunculus repens,51
2,5,7.8.2022,falaise,Trifolium repens,96
2,5,7.8.2022,falaise,Prunella vulgaris,160
2,5,7.8.2022,falaise,Hypericum anagalloides,254
2,5,7.8.2022,falaise,Ranunculus acris,17
2,5,7.8.2022,falaise,Cerastium glomeratum,123
2,5,7.8.2022,falaise,Trifolium dubium,22
2,5,7.8.2022,falaise,Trifolium pratense,2
2,5,7.13.2022,locarno,Trifolium dubium,10
2,5,7.13.2022,locarno,Geranium molle,1
2,5,7.13.2022,locarno,Hypochaeris radicata,19
2,5,7.13.2022,locarno,Plantago lanceolata,4
2,5,7.13.2022,west memorial,Trifolium repens,239
2,5,7.13.2022,west memorial,Cerastium glomeratum,8
2,5,7.13.2022,west memorial,Stellaria media,40
2,5,7.13.2022,west memorial,Bellis perennis,91
2,5,7.13.2022,west memorial,Hypochaeris radicata,182
2,5,7.13.2022,west memorial,Trifolium dubium,32
2,5,7.13.2022,west memorial,Veronica arvensis,26
2,5,7.13.2022,west memorial,Prunella vulgaris,60
2,5,7.13.2022,west memorial,Plantago lanceolata,2
2,5,7.13.2022,west memorial,Ranunculus repens,61
2,5,7.13.2022,west memorial,Mycelis muralis,3
2,5,7.13.2022,prince of wales,Trifolium repens,30
2,5,7.13.2022,prince of wales,Stellaria media,1
2,5,7.13.2022,prince of wales,Achillea millefolium,2682
2,5,7.13.2022,prince of wales,Trifolium pratense,78
2,5,7.13.2022,prince of wales,Prunella vulgaris,10
2,5,7.13.2022,quilchena,Trifolium repens,327
2,5,7.13.2022,quilchena,Trifolium pratense,8
2,5,7.13.2022,quilchena,Achillea millefolium,4
2,5,7.13.2022,quilchena,Trifolium dubium,102
2,5,7.13.2022,quilchena,Ranunculus repens,12
2,5,7.13.2022,quilchena,Prunella vulgaris,17
2,5,7.13.2022,quilchena,Bellis perennis,4
2,5,7.13.2022,balaclava,Trifolium dubium,1975
2,5,7.13.2022,balaclava,Trifolium repens,108
2,5,7.13.2022,balaclava,Hypochaeris radicata,5
2,5,7.13.2022,balaclava,Veronica arvensis,4
2,5,7.13.2022,balaclava,Crepis capillaris,1
2,5,7.13.2022,balaclava,Bellis perennis,4
2,5,7.14.2022,kensington,Trifolium repens,33
2,5,7.14.2022,kensington,Prunella vulgaris,30
2,5,7.14.2022,kensington,Trifolium dubium,31
2,5,7.14.2022,gordon,Trifolium repens,165
2,5,7.14.2022,gordon,Trifolium dubium,322
2,5,7.14.2022,gordon,Bellis perennis,8
2,5,7.14.2022,gordon,Hypochaeris radicata,1
2,5,7.14.2022,gordon,Taraxacum officinale,1
2,6,7.27.2022,locarno,Hypochaeris radicata,1
2,6,7.27.2022,locarno,Coreopsis lanceolata,1
2,6,7.27.2022,locarno,Trifolium dubium,2
2,6,7.27.2022,west memorial,Trifolium repens,41
2,6,7.27.2022,west memorial,Bellis perennis,18
2,6,7.27.2022,west memorial,Hypochaeris radicata,178
2,6,7.27.2022,west memorial,Plantago lanceolata,2
2,6,7.27.2022,west memorial,Mycelis muralis,38
2,6,7.27.2022,west memorial,Stellaria media,218
2,6,7.27.2022,west memorial,Trifolium dubium,4
2,6,7.27.2022,west memorial,Crepis capillaris,3
2,6,7.28.22,balaclava,Crepis capillaris,8
2,6,7.28.22,balaclava,Trifolium repens,43
2,6,7.28.22,balaclava,Trifolium dubium,182
2,6,7.28.22,prince of wales,Achillea millefolium,1636
2,6,7.28.22,prince of wales,Trifolium pratense,56
2,6,7.28.22,prince of wales,Trifolium repens,2
2,6,7.28.22,prince of wales,Prunella vulgaris,28
2,6,7.28.22,prince of wales,Hypochaeris radicata,9
2,6,7.28.22,quilchena,Trifolium repens,165
2,6,7.28.22,quilchena,Prunella vulgaris,42
2,6,7.28.22,quilchena,Ranunculus repens,5
2,6,7.28.22,quilchena,Plantago majus,3
2,6,7.28.22,quilchena,Trifolium pratense,2
2,6,7.28.22,quilchena,Crepis capillaris,1
2,6,7.28.22,quilchena,Trifolium dubium,2
2,6,7.28.22,quilchena,Hypochaeris radicata,2
2,6,7.28.22,oak meadows,Ranunculus repens,2
2,6,7.28.22,oak meadows,Trifolium repens,3
2,6,7.28.22,oak meadows,Trifolium pratense,113
2,6,7.28.22,oak meadows,Achillea millefolium,6046
2,6,7.28.22,oak meadows,Hypochaeris radicata,3
2,6,7.28.22,winona,Trifolium dubium,22
2,6,7.28.22,winona,Plantago lanceolata,6
2,6,7.28.22,winona,Trifolium repens,136
2,6,7.28.22,winona,Cerastium glomeratum,1
2,6,7.28.22,winona,Geranium molle,5
2,6,7.29.22,bobolink,Trifolium repens,90
2,6,7.29.22,bobolink,Crepis capillaris,327
2,6,7.29.22,bobolink,Trifolium dubium,676
2,6,7.29.22,bobolink,Bellis perennis,9
2,6,7.29.22,bobolink,Plantago lanceolata,131
2,6,7.29.22,bobolink,Hypochaeris radicata,142
2,6,7.29.22,bobolink,Ranunculus repens,3
2,6,7.29.22,bobolink,Plantago majus,2
2,6,7.29.22,killarney,Trifolium pratense,423
2,6,7.29.22,killarney,Hypochaeris radicata,85
2,6,7.29.22,killarney,Coreopsis lanceolata,73
2,6,7.29.22,killarney,Linum lewisii,5
2,6,7.29.22,killarney,Cirsium vulgare,1
2,6,7.29.22,killarney,Medicago sativa,32
2,6,7.29.22,killarney,Crepis capillaris,245
2,6,7.29.22,killarney,Trifolium dubium,5
2,6,7.29.22,killarney,Trifolium repens,65
2,6,7.29.22,killarney,Plantago lanceolata,23
2,6,7.29.22,killarney,Melilotus albus,2832
2,6,7.29.22,killarney,Polygonum bistortoides,32
2,6,7.29.22,falaise,Trifolium repens,14
2,6,7.29.22,falaise,Trifolium pratense,2
2,6,7.29.22,falaise,Hypochaeris radicata,2
2,6,7.29.22,falaise,Prunella vulgaris,168
2,6,7.29.22,falaise,Ranunculus repens,4
2,6,8.1.22,moberly,Trifolium repens,40
2,6,8.1.22,moberly,Bellis perennis,3
2,6,8.1.22,gordon,Trifolium repens,115
2,6,8.1.22,gordon,Trifolium dubium,12
2,6,8.1.22,gordon,Crepis capillaris,9
2,6,8.1.22,memorial south,Achillea millefolium,978
2,6,8.1.22,memorial south,Trifolium pratense,40
2,6,8.1.22,memorial south,Delphinium consolida,504
2,6,8.1.22,memorial south,Leucanthemum vulgare,14
2,6,8.1.22,memorial south,Trifolium repens,2
2,6,8.1.22,memorial south,Campanula repens,4
2,6,8.1.22,memorial south,Centaurea cyanus,16
2,6,8.1.22,memorial south,Papaver sp.,1
2,6,8.1.22,memorial south,Solidago canadensis,320
2,6,8.1.22,memorial south,Malva alba,8
2,6,8.1.22,kensington,Trifolium repens,18
2,6,8.1.22,kensington,Hypochaeris radicata,3
2,6,8.1.22,kensington,Trifolium dubium,2
2,6,8.1.22,slocan,Trifolium repens,500
2,6,8.1.22,slocan,Plantago majus,22
2,6,8.2.22,china creek,Anaphalis margaritacea,1035
2,6,8.2.22,china creek,Melilotus albus,5728
2,6,8.2.22,china creek,Trifolium pratense,18
2,6,8.2.22,china creek,Centaurea cyanus,1
2,6,8.2.22,china creek,Eschscholzia californica,36
2,6,8.2.22,china creek,Papaver sp.,1
2,6,8.2.22,china creek,Thelesperma filifolium,7
2,6,8.2.22,china creek,Hypochaeris radicata,3
2,6,8.2.22,china creek,Crepis capillaris,28
2,6,8.2.22,china creek,Sisymbrium officinale,10
2,6,8.2.22,china creek,Achillea millefolium,4506
2,6,8.2.22,china creek,Medicago sativa,4
2,6,8.2.22,china creek,Lactuca serriola,2
2,6,8.2.22,china creek,Leucanthemum vulgare,5
2,6,8.2.22,china creek,Cirsium vulgare,2
2,6,8.2.22,rupert,Trifolium pratense,2
2,6,8.2.22,rupert,Crepis capillaris,19
2,6,8.2.22,rupert,Trifolium repens,8
2,6,8.2.22,rupert,Plantago lanceolata,3
2,6,8.2.22,queen elizabeth,Hypochaeris radicata,19
2,6,8.2.22,queen elizabeth,Trifolium repens,70
2,6,8.2.22,queen elizabeth,Bellis perennis,2
2,6,8.2.22,queen elizabeth,Trifolium dubium,50
2,6,8.2.22,queen elizabeth,Plantago lanceolata,5
3,1,5.1.2023,locarno,Taraxacum officinale,674
3,1,5.1.2023,locarno,Lepidium campestre,5493
3,1,5.1.2023,locarno,Stellaria media,250
3,1,5.1.2023,locarno,Veronica arvensis,393
3,1,5.1.2023,west memorial,Bellis perennis,56
3,1,5.1.2023,west memorial,Taraxacum officinale,50
3,1,5.1.2023,west memorial,Cardamine hirsuta,14
3,1,5.1.2023,west memorial,Stellaria media,61
3,1,5.1.2023,balaclava,Sagina procumbens,179
3,1,5.1.2023,balaclava,Stellaria media,111
3,1,5.1.2023,balaclava,Taraxacum officinale,1
3,1,5.1.2023,prince of wales,Taraxacum officinale,3
3,1,5.2.2023,quilchena,Taraxacum officinale,37
3,1,5.2.2023,winona,Taraxacum officinale,48
3,1,5.3.2023,winona,Bellis perennis,6
3,1,5.3.2023,queen elizabeth,Bellis perennis,316
3,1,5.3.2023,queen elizabeth,Taraxacum officinale,7
3,1,5.3.2023,queen elizabeth,Stellaria media,5
3,1,5.3.2023,queen elizabeth,Veronica arvensis,79
3,1,5.3.2023,oak meadows,Lepidium campestre,28
3,1,5.3.2023,oak meadows,Stellaria media,4
3,1,5.4.2023,moberly,Bellis perennis,175
3,1,5.4.2023,moberly,Capsella bursa-pastoris,30
3,1,5.4.2023,moberly,Veronica arvensis,1147
3,1,5.4.2023,moberly,Taraxacum officinale,22
3,1,5.4.2023,moberly,Draba verna,7
3,1,5.4.2023,moberly,Cerastium glomeratum,81
3,1,5.4.2023,moberly,Erodium cicutarium,3
3,1,5.4.2023,moberly,Sagina procumbens,18
3,1,5.4.2023,memorial south,Taraxacum officinale,5
3,1,5.4.2023,memorial south,Lamium purpureum,612
3,1,5.4.2023,memorial south,Cardamine hirsuta,34
3,1,5.4.2023,memorial south,Stellaria media,101
3,1,5.4.2023,memorial south,Anthriscus caucalis,21
3,1,5.4.2023,memorial south,Hyacinthoides non-scripta,6
3,1,5.8.2023,falaise,Taraxacum officinale,70
3,1,5.8.2023,falaise,Bellis perennis,11
3,1,5.8.2023,falaise,Sagina procumbens,19
3,1,5.8.2023,falaise,Lamium purpureum,12
3,1,5.8.2023,falaise,Ranunculus repens,1
3,1,5.8.2023,falaise,Veronica serpyllifolia,5
3,1,5.8.2023,rupert,Taraxacum officinale,23
3,1,5.8.2023,rupert,Bellis perennis,114
3,1,5.8.2023,rupert,Veronica arvensis,798
3,1,5.8.2023,rupert,Sagina procumbens,19
3,1,5.8.2023,slocan,Bellis perennis,106
3,1,5.8.2023,slocan,Veronica arvensis,92
3,1,5.8.2023,slocan,Sagina procumbens,28
3,1,5.8.2023,slocan,Veronica serpyllifolia,43
3,1,5.8.2023,slocan,Cerastium glomeratum,1
3,1,5.8.2023,slocan,Taraxacum officinale,3
3,1,5.8.2023,bobolink,Bellis perennis,249
3,1,5.8.2023,bobolink,Sagina procumbens,196
3,1,5.8.2023,bobolink,Taraxacum officinale,28
3,1,5.8.2023,bobolink,Cerastium glomeratum,31
3,1,5.8.2023,bobolink,Draba verna,55
3,1,5.8.2023,bobolink,Veronica arvensis,236
3,1,5.8.2023,bobolink,Stellaria media,248
3,1,5.8.2023,killarney,Taraxacum officinale,163
3,1,5.8.2023,killarney,Lamium purpureum,61
3,1,5.8.2023,killarney,Stellaria media,6
3,1,5.8.2023,killarney,Veronica arvensis,6
3,1,5.8.2023,gordon,Bellis perennis,46
3,1,5.8.2023,gordon,Taraxacum officinale,30
3,1,5.8.2023,gordon,Stellaria media,32
3,1,5.8.2023,gordon,Veronica arvensis,21
3,1,5.8.2023,gordon,Cerastium glomeratum,2
3,1,5.8.2023,gordon,Sagina procumbens,14
3,1,5.10.2023,kensington,Bellis perennis,15
3,1,5.10.2023,china creek,Taraxacum officinale,30
3,1,5.10.2023,china creek,Cerastium glomeratum,3
3,1,5.10.2023,china creek,Ranunculus repens,16
3,2,5.10.2023,quilchena,Taraxacum officinale,14
3,2,5.10.2023,quilchena,Cerastium glomeratum,1
3,2,5.10.2023,quilchena,Bellis perennis,3
3,2,5.10.2023,memorial south,Taraxacum officinale,3
3,2,5.10.2023,memorial south,Lamium purpureum,542
3,2,5.10.2023,memorial south,Anthriscus caucalis,20
3,2,5.10.2023,memorial south,Cardamine hirsuta,5
3,2,5.10.2023,memorial south,Nemophila menziesii,1
3,2,5.12.2023,moberly,Erodium cicutarium,7
3,2,5.12.2023,moberly,Draba verna,14
3,2,5.12.2023,moberly,Veronica arvensis,717
3,2,5.12.2023,moberly,Bellis perennis,747
3,2,5.12.2023,moberly,Taraxacum officinale,8
3,2,5.12.2023,moberly,Lepidium campestre,56
3,2,5.12.2023,moberly,Capsella bursa-pastoris,38
3,2,5.12.2023,oak meadows,Lepidium campestre,130
3,2,5.15.2023,locarno,Lepidium campestre,315
3,2,5.15.2023,locarno,Veronica arvensis,4
3,2,5.15.2023,locarno,Plectritis congesta,7
3,2,5.15.2023,locarno,Stellaria media,1
3,2,5.15.2023,balaclava,Taraxacum officinale,1
3,2,5.15.2023,balaclava,Veronica arvensis,72
3,2,5.15.2023,balaclava,Sagina procumbens,21
3,2,5.15.2023,balaclava,Cerastium glomeratum,1
3,2,5.15.2023,west memorial,Bellis perennis,272
3,2,5.15.2023,west memorial,Taraxacum officinale,9
3,2,5.15.2023,west memorial,Veronica arvensis,103
3,2,5.15.2023,west memorial,Veronica serpyllifolia,1
3,2,5.15.2023,prince of wales,NA,NA
3,2,5.16.2023,winona,Trifolium dubium,88
3,2,5.16.2023,winona,Bellis perennis,7
3,2,5.16.2023,winona,Taraxacum officinale,16
3,2,5.16.2023,queen elizabeth,Bellis perennis,560
3,2,5.16.2023,queen elizabeth,Taraxacum officinale,3
3,2,5.16.2023,queen elizabeth,Veronica arvensis,16
3,2,5.16.2023,china creek,Ranunculus repens,15
3,2,5.16.2023,china creek,Taraxacum officinale,8
3,2,5.16.2023,china creek,Phacelia tanacetifolia,7
3,2,5.16.2023,china creek,Stellaria media,5
3,2,5.16.2023,china creek,Nepeta cataria,1
3,2,5.16.2023,china creek,Lupinus polyphyllus,1087
3,2,5.16.2023,kensington,Bellis perennis,4
3,2,5.16.2023,kensington,Cerastium glomeratum,2
3,2,5.17.2023,slocan,Bellis perennis,91
3,2,5.17.2023,slocan,Veronica arvensis,60
3,2,5.17.2023,slocan,Trifolium repens,5
3,2,5.17.2023,slocan,Cerastium glomeratum,4
3,2,5.17.2023,slocan,Veronica serpyllifolia,65
3,2,5.17.2023,falaise,Ranunculus repens,5
3,2,5.17.2023,falaise,Veronica arvensis,4
3,2,5.17.2023,falaise,Bellis perennis,3
3,2,5.17.2023,falaise,Sagina apetala,33
3,2,5.17.2023,falaise,Ranunculus repens,1
3,2,5.17.2023,rupert,Bellis perennis,206
3,2,5.17.2023,rupert,Trifolium dubium,67
3,2,5.17.2023,rupert,Veronica arvensis,96
3,2,5.17.2023,rupert,Ranunculus repens,1
3,2,5.17.2023,rupert,Cerastium glomeratum,48
3,2,5.17.2023,rupert,Stellaria media,3
3,2,5.17.2023,rupert,Trifolium pratense,1
3,2,5.17.2023,gordon,Taraxacum officinale,2
3,2,5.17.2023,gordon,Bellis perennis,58
3,2,5.17.2023,gordon,Cerastium glomeratum,101
3,2,5.17.2023,gordon,Stellaria media,10
3,2,5.17.2023,gordon,Veronica arvensis,69
3,2,5.19.2023,bobolink,Taraxacum officinale,1
3,2,5.19.2023,bobolink,Bellis perennis,136
3,2,5.19.2023,bobolink,Trifolium dubium,586
3,2,5.19.2023,bobolink,Cerastium glomeratum,20
3,2,5.19.2023,bobolink,Ranunculus repens,2
3,2,5.19.2023,killarney,Taraxacum officinale,7
3,2,5.19.2023,killarney,Lupinus polyphyllus,957
3,2,5.19.2023,killarney,Linum lewisii,6
3,2,5.19.2023,killarney,Trifolium dubium,25
3,2,5.19.2023,killarney,Veronica arvensis,3
3,2,5.19.2023,killarney,Trifolium pratense,1
3,3,5.25.2023,locarno,Bellis perennis,8
3,3,5.25.2023,locarno,Veronica arvensis,5
3,3,5.25.2023,locarno,Trifolium dubium,221
3,3,5.25.2023,west memorial,Bellis perennis,163
3,3,5.25.2023,west memorial,Trifolium dubium,12
3,3,5.25.2023,west memorial,Veronica arvensis,19
3,3,5.25.2023,balaclava,Cerastium glomeratum,7
3,3,5.25.2023,balaclava,Veronica arvensis,17
3,3,5.25.2023,balaclava,Trifolium repens,3
3,3,5.25.2023,balaclava,Trifolium dubium,81
3,3,5.25.2023,prince of wales,Trifolium pratense,5
3,3,5.25.2023,prince of wales,Ranunculus acris,2
3,3,5.25.2023,prince of wales,Stellaria media,2
3,3,5.25.2023,quilchena,Trifolium pratense,7
3,3,5.25.2023,quilchena,Trifolium repens,72
3,3,5.25.2023,quilchena,Trifolium dubium,20
3,3,5.25.2023,quilchena,Cerastium glomeratum,5
3,3,5.25.2023,quilchena,Bellis perennis,8
3,3,5.25.2023,quilchena,Ranunculus repens,24
3,3,5.26.2023,oak meadows,Ranunculus acris,9
3,3,5.26.2023,oak meadows,Lepidium campestre,64
3,3,5.26.2023,oak meadows,Stellaria media,4
3,3,5.26.2023,oak meadows,Trifolium repens,2
3,3,5.26.2023,queen elizabeth,Bellis perennis,569
3,3,5.26.2023,queen elizabeth,Trifolium dubium,332
3,3,5.26.2023,queen elizabeth,Veronica arvensis,3
3,3,5.26.2023,queen elizabeth,Taraxacum officinale,1
3,3,5.26.2023,queen elizabeth,Trifolium repens,12
3,3,5.26.2023,winona,Trifolium dubium,21
3,3,5.26.2023,winona,Bellis perennis,9
3,3,5.26.2023,winona,Cerastium glomeratum,5
3,3,5.26.2023,winona,Bellis perennis,5
3,3,5.26.2023,winona,Veronica arvensis,6
3,3,5.26.2023,kensington,Trifolium repens,25
3,3,5.26.2023,kensington,Cerastium glomeratum,14
3,3,5.26.2023,kensington,Bellis perennis,5
3,3,5.26.2023,kensington,Trifolium dubium,684
3,3,5.29.2023,china creek,Lupinus polyphyllus,676
3,3,5.29.2023,china creek,Ranunculus repens,175
3,3,5.29.2023,china creek,Trifolium pratense,13
3,3,5.29.2023,china creek,Eschscholzia californica,1
3,3,5.29.2023,china creek,Papaver sp.,15
3,3,5.29.2023,china creek,Limnanthes douglasii,5
3,3,5.29.2023,china creek,Phacelia tanacetifolia,74
3,3,5.29.2023,china creek,Nepeta cataria,161
3,3,5.29.2023,china creek,Ranunculus acris,3
3,3,5.29.2023,memorial south,Lupinus polyphyllus,753
3,3,5.29.2023,memorial south,Geranium molle,3
3,3,5.29.2023,memorial south,Ranunculus repens,6
3,3,5.29.2023,memorial south,Trifolium repens,2
3,3,5.29.2023,memorial south,Vicia sativa,25
3,3,5.29.2023,moberly,Erodium cicutarium,18
3,3,5.29.2023,moberly,Trifolium dubium,739
3,3,5.29.2023,moberly,Bellis perennis,475
3,3,5.29.2023,moberly,Trifolium repens,60
3,3,5.29.2023,moberly,Cerastium glomeratum,30
3,3,5.29.2023,moberly,Veronica arvensis,183
3,3,5.29.2023,moberly,Capsella bursa-pastoris,111
3,3,5.29.2023,moberly,Taraxacum officinale,2
3,3,5.29.2023,moberly,Plantago lanceolata,2
3,3,5.29.2023,killarney,Lupinus polyphyllus,501
3,3,5.29.2023,killarney,Trifolium pratense,25
3,3,5.29.2023,killarney,Rorippa palustris,369
3,3,5.29.2023,killarney,Linum lewisii,4
3,3,6.1.2023,rupert,Bellis perennis,97
3,3,6.1.2023,rupert,Cerastium glomeratum,4
3,3,6.1.2023,rupert,Trifolium dubium,1848
3,3,6.1.2023,rupert,Ranunculus repens,16
3,3,6.1.2023,falaise,Ranunculus acris,6
3,3,6.1.2023,falaise,Trifolium repens,8
3,3,6.1.2023,falaise,Bellis perennis,1
3,3,6.1.2023,falaise,Ranunculus repens,469
3,3,6.1.2023,slocan,Bellis perennis,73
3,3,6.1.2023,slocan,Trifolium repens,182
3,3,6.1.2023,slocan,Trifolium dubium,806
3,3,6.1.2023,slocan,Veronica arvensis,27
3,3,6.1.2023,slocan,Veronica serpyllifolia,12
3,3,6.1.2023,bobolink,Bellis perennis,165
3,3,6.1.2023,bobolink,Trifolium dubium,1745
3,3,6.1.2023,bobolink,Ranunculus repens,102
3,3,6.2.2023,gordon,Trifolium dubium,534
3,3,6.2.2023,gordon,Trifolium repens,23
3,3,6.2.2023,gordon,Veronica arvensis,3
3,3,6.2.2023,gordon,Cerastium glomeratum,1
3,4,6.22.2023,kensington,Hypochaeris radicata,22
3,4,6.22.2023,kensington,Trifolium repens,51
3,4,6.22.2023,kensington,Cerastium glomeratum,1
3,4,6.22.2023,kensington,Trifolium dubium,142
3,4,6.22.2023,killarney,Hypochaeris radicata,32
3,4,6.22.2023,killarney,Trifolium pratense,27
3,4,6.22.2023,killarney,Trifolium repens,9
3,4,6.22.2023,killarney,Lotus corniculatus,9
3,4,6.22.2023,killarney,Gaillardia pulchella,16
3,4,6.22.2023,killarney,Lupinus polyphyllus,36
3,4,6.22.2023,killarney,Medicago sativa,9
3,4,6.22.2023,killarney,Coreopsis lanceolata,12
3,4,6.22.2023,killarney,Linum lewisii,4
3,4,6.22.2023,killarney,Taraxacum officinale,1
3,4,6.22.2023,killarney,Rorippa palustris,803
3,4,6.22.2023,bobolink,Trifolium repens,55
3,4,6.22.2023,bobolink,Ranunculus repens,10
3,4,6.22.2023,bobolink,Bellis perennis,8
3,4,6.22.2023,bobolink,Trifolium dubium,289
3,4,6.22.2023,bobolink,Cerastium glomeratum,13
3,4,6.22.2023,bobolink,Hypochaeris radicata,1
3,4,6.22.2023,gordon,Trifolium repens,165
3,4,6.22.2023,gordon,Trifolium dubium,396
3,4,6.22.2023,gordon,Veronica arvensis,6
3,4,6.22.2023,gordon,Bellis perennis,4
3,4,6.26.2023,china creek,Symphyotrichum douglasii,42
3,4,6.26.2023,china creek,Papaver sp.,8
3,4,6.26.2023,china creek,Trifolium repens,8
3,4,6.26.2023,china creek,Sysimbrium officinale,320
3,4,6.26.2023,china creek,Nepeta cataria,17
3,4,6.26.2023,china creek,Ranunculus repens,11
3,4,6.26.2023,china creek,Eschscholzia californica,18
3,4,6.26.2023,china creek,Anaphalis margaritacea,6
3,4,6.26.2023,china creek,Plantago lanceolata,4
3,4,6.26.2023,china creek,Eriophyllum lanatum,13
3,4,6.26.2023,china creek,Trifolium pratense,21
3,4,6.26.2023,china creek,Melilotus albus,220
3,4,6.26.2023,china creek,Achillea millefolium,3695
3,4,6.26.2023,rupert,Trifolium dubium,470
3,4,6.26.2023,rupert,Prunella vulgaris,42
3,4,6.26.2023,rupert,Bellis perennis,8
3,4,6.26.2023,rupert,Trifolium repens,26
3,4,6.26.2023,rupert,Cerastium glomeratum,14
3,4,6.26.2023,rupert,Veronica arvensis,1
3,4,6.26.2023,rupert,Trifolium pratense,12
3,4,6.26.2023,falaise,Ranunculus repens,40
3,4,6.26.2023,falaise,Trifolium repens,38
3,4,6.26.2023,falaise,Bellis perennis,1
3,4,6.26.2023,slocan,Trifolium dubium,212
3,4,6.26.2023,slocan,Bellis perennis,1
3,4,6.26.2023,slocan,Trifolium pratense,27
3,4,6.26.2023,slocan,Trifolium repens,242
3,4,6.26.2023,slocan,Veronica serpyllifolia,2
3,4,6.27.2023,locarno,Trifolium dubium,411
3,4,6.27.2023,locarno,Hypochaeris radicata,1
3,4,6.27.2023,west memorial,Hypochaeris radicata,9
3,4,6.27.2023,west memorial,Trifolium repens,8
3,4,6.27.2023,west memorial,Bellis perennis,1
3,4,6.27.2023,west memorial,Plantago lanceolata,1
3,4,6.27.2023,west memorial,Mycelis muralis,2
3,4,6.27.2023,west memorial,Ranunculus repens,6
3,4,6.27.2023,west memorial,Stellaria media,19
3,4,6.27.2023,balaclava,Trifolium repens,53
3,4,6.27.2023,balaclava,Trifolium dubium,53
3,4,6.27.2023,balaclava,Hypochaeris radicata,4
3,4,6.27.2023,balaclava,Plantago lanceolata,31
3,4,6.27.2023,prince of wales,Achillea millefolium,4220
3,4,6.27.2023,prince of wales,Hypochaeris radicata,1
3,4,6.27.2023,prince of wales,Trifolium pratense,117
3,4,6.27.2023,prince of wales,Trifolium repens,75
3,4,6.27.2023,prince of wales,Ranunculus acris,2
3,4,6.28.2023,queen elizabeth,Trifolium repens,13
3,4,6.28.2023,queen elizabeth,Bellis perennis,4
3,4,6.28.2023,queen elizabeth,Trifolium dubium,6
3,4,6.28.2023,queen elizabeth,Erodium cicutarium,1
3,4,6.28.2023,moberly,Erodium cicutarium,19
3,4,6.28.2023,moberly,Plantago lanceolata,10
3,4,6.28.2023,moberly,Trifolium dubium,151
3,4,6.28.2023,moberly,Hypochaeris radicata,1
3,4,6.28.2023,moberly,Trifolium repens,147
3,4,6.28.2023,moberly,Bellis perennis,16
3,4,6.28.2023,moberly,Veronica arvensis,34
3,4,6.28.2023,moberly,Capsella bursa-pastoris,137
3,4,6.28.2023,moberly,Achillea millefolium,144
3,4,6.28.2023,quilchena,Trifolium repens,275
3,4,6.28.2023,quilchena,Trifolium pratense,17
3,4,6.28.2023,quilchena,Hypochaeris radicata,3
3,4,6.28.2023,quilchena,Achillea millefolium,327
3,4,6.28.2023,oak meadows,Trifolium repens,12
3,4,6.28.2023,oak meadows,Trifolium pratense,16
3,4,6.28.2023,oak meadows,Ranunculus repens,2
3,4,6.28.2023,oak meadows,Hypochaeris radicata,41
3,4,6.28.2023,oak meadows,Stellaria media,8
3,4,6.28.2023,oak meadows,Ranunculus acris,2
3,4,6.28.2023,oak meadows,Plantago lanceolata,1
3,4,6.29.2023,memorial south,Achillea millefolium,15430
3,4,6.29.2023,memorial south,Leucanthemum vulgare,88
3,4,6.29.2023,memorial south,Delphinium consolida,188
3,4,6.29.2023,memorial south,Solidago canadensis,24
3,4,6.29.2023,memorial south,Papaver sp.,1
3,4,6.29.2023,memorial south,Mycelis muralis,3
3,4,6.29.2023,memorial south,Sysimbrium officinale,72
3,4,6.29.2023,memorial south,Galium aparine,15
3,4,6.29.2023,winona,Hypochaeris radicata,2
3,4,6.29.2023,winona,Bellis perennis,4
3,4,6.29.2023,winona,Trifolium repens,100
3,4,6.29.2023,winona,Cerastium glomeratum,12
3,4,6.29.2023,winona,Trifolium dubium,3
3,5,7.13.2023,oak meadows,Ranunculus repens,1
3,5,7.13.2023,oak meadows,Trifolium pratense,12
3,5,7.13.2023,oak meadows,Achillea millefolium,8234
3,5,7.13.2023,oak meadows,Hypochaeris radicata,148
3,5,7.13.2023,oak meadows,Trifolium repens,1
3,5,7.13.2023,kensington,Trifolium repens,32
3,5,7.13.2023,kensington,Hypochaeris radicata,1
3,5,7.13.2023,kensington,Prunella vulgaris,21
3,5,7.13.2023,killarney,Lupinus polyphyllus,7
3,5,7.13.2023,killarney,Hypochaeris radicata,24
3,5,7.13.2023,killarney,Rorippa palustris,787
3,5,7.13.2023,killarney,Achillea millefolium,5525
3,5,7.13.2023,killarney,Medicago sativa,65
3,5,7.13.2023,killarney,Coreopsis lanceolata,3
3,5,7.13.2023,killarney,Gaillardia pulchella,15
3,5,7.13.2023,killarney,Trifolium pratense,35
3,5,7.13.2023,killarney,Trifolium repens,2
3,5,7.13.2023,bobolink,Plantago lanceolata,19
3,5,7.13.2023,bobolink,Hypochaeris radicata,4
3,5,7.13.2023,bobolink,Trifolium pratense,1
3,5,7.13.2023,bobolink,Trifolium repens,13
3,5,7.13.2023,bobolink,Crepis capillaris,1
3,5,7.13.2023,moberly,Hypochaeris radicata,1
3,5,7.13.2023,moberly,Plantago lanceolata,6
3,5,7.13.2023,moberly,Trifolium repens,121
3,5,7.13.2023,moberly,Bellis perennis,1
3,5,7.13.2023,moberly,Capsella bursa-pastoris,22
3,5,7.13.2023,moberly,Achillea millefolium,26
3,5,7.13.2023,moberly,Trifolium dubium,4
3,5,7.13.2023,moberly,Erodium cicutarium,11
3,5,7.14.2023,quilchena,Trifolium pratense,2
3,5,7.14.2023,quilchena,Crepis capillaris,4
3,5,7.14.2023,quilchena,Trifolium repens,6
3,5,7.14.2023,quilchena,Hypochaeris radicata,9
3,5,7.14.2023,prince of wales,Trifolium pratense,32
3,5,7.14.2023,prince of wales,Achillea millefolium,5669
3,5,7.14.2023,prince of wales,Trifolium repens,1
3,5,7.14.2023,balaclava,Crepis capillaris,29
3,5,7.14.2023,balaclava,Trifolium repens,2
3,5,7.14.2023,balaclava,Plantago lanceolata,6
3,5,7.14.2023,balaclava,Hypochaeris radicata,7
3,5,7.14.2023,balaclava,Trifolium repens,7
3,5,7.14.2023,west memorial,Hypochaeris radicata,31
3,5,7.14.2023,west memorial,Trifolium repens,15
3,5,7.14.2023,locarno,NA,NA
3,5,7.21.2023,queen elizabeth,Hypochaeris radicata,96
3,5,7.21.2023,winona,Plantago lanceolata,2
3,5,7.21.2023,winona,Bellis perennis,3
3,5,7.21.2023,winona,Trifolium repens,84
3,5,7.21.2023,memorial south,Achillea millefolium,3765
3,5,7.21.2023,memorial south,Leucanthemum vulgare,3
3,5,7.21.2023,memorial south,Delphinium consolida,166
3,5,7.21.2023,memorial south,Convolvulus arvensis,1
3,5,7.21.2023,gordon,Hypochaeris radicata,6
3,5,7.21.2023,gordon,Crepis capillaris,15
3,5,7.21.2023,gordon,Plantago lanceolata,2
3,5,7.26.2023,china creek,Achillea millefolium,9501
3,5,7.26.2023,china creek,Lactuca serriola,24
3,5,7.26.2023,china creek,Sysimbrium officinale,78
3,5,7.26.2023,china creek,Echinacea purpurea,2
3,5,7.26.2023,china creek,Anaphalis margaritacea,42
3,5,7.26.2023,china creek,Eryngium sp.,2
3,5,7.26.2023,china creek,Plantago lanceolata,4
3,5,7.26.2023,china creek,Crepis capillaris,25
3,5,7.26.2023,china creek,Symphyotrichum douglasii,52
3,5,7.26.2023,china creek,Trifolium pratense,1
3,5,7.26.2023,china creek,Eschscholzia californica,6
3,5,7.26.2023,china creek,Salvia sp.,3
3,5,7.26.2023,rupert,Trifolium pratense,14
3,5,7.26.2023,rupert,Plantago lanceolata,1
3,5,7.26.2023,rupert,Trifolium repens,1
3,5,7.26.2023,rupert,Crepis capillaris,1
3,5,7.26.2023,slocan,Trifolium repens,73
3,5,7.26.2023,slocan,Trifolium pratense,1
3,5,7.26.2023,slocan,Crepis capillaris,1
3,6,7.27.2023,locarno,NA,NA
3,6,7.27.2023,west memorial,Hypochaeris radicata,2
3,6,7.27.2023,balaclava,Crepis capillaris,177
3,6,7.27.2023,balaclava,Hypochaeris radicata,8
3,6,7.27.2023,balaclava,Plantago lanceolata,8
3,6,7.27.2023,prince of wales,Trifolium pratense,2
3,6,7.27.2023,quilchena,Crepis capillaris,23
3,6,7.27.2023,prince of wales,Hypochaeris radicata,1
3,6,8.1.2023,queen elizabeth,Hypochaeris radicata,237
3,6,8.1.2023,oak meadows,Trifolium pratense,32
3,6,8.1.2023,oak meadows,Achillea millefolium,3030
3,6,8.1.2023,oak meadows,Hypochaeris radicata,14
3,6,8.1.2023,winona,Trifolium repens,48
3,6,8.1.2023,winona,Cerastium glomeratum,1
3,6,8.1.2023,moberly,Erodium cicutarium,16
3,6,8.1.2023,moberly,Capsella bursa-pastoris,63
3,6,8.1.2023,moberly,Plantago lanceolata,4
3,6,8.1.2023,moberly,Achillea millefolium,12
3,6,8.1.2023,moberly,Trifolium repens,36
3,6,8.1.2023,memorial south,Achillea millefolium,1642
3,6,8.1.2023,memorial south,Delphinium consolida,12
3,6,8.1.2023,memorial south,Symphyotrichum douglasii,32
3,6,8.1.2023,memorial south,Myosotis discolor,3
3,6,8.1.2023,memorial south,Trifolium dubium,1
3,6,8.1.2023,memorial south,Plectritis congesta,2
3,6,8.1.2023,memorial south,Cerastium arvense,3
3,6,8.1.2023,memorial south,Trifolium pratense,2
3,6,8.2.2023,china creek,Echinacea purpurea,5
3,6,8.2.2023,china creek,Sysimbrium officinale,58
3,6,8.2.2023,china creek,Achillea millefolium,6920
3,6,8.2.2023,china creek,Lactuca serriola,1
3,6,8.2.2023,china creek,Echinacea purpurea,3
3,6,8.2.2023,china creek,Anaphalis margaritacea,642
3,6,8.2.2023,china creek,Trifolium pratense,7
3,6,8.2.2023,china creek,Plantago lanceolata,22
3,6,8.2.2023,china creek,Lupinus polyphyllus,18
3,6,8.2.2023,china creek,Crepis capillaris,8
3,6,8.2.2023,china creek,Hypochaeris radicata,2
3,6,8.2.2023,china creek,Melilotus albus,24
3,6,8.2.2023,rupert,Trifolium pratense,27
3,6,8.2.2023,rupert,Plantago lanceolata,7
3,6,8.2.2023,rupert,Crepis capillaris,13
3,6,8.2.2023,rupert,Hypochaeris radicata,1
3,6,8.2.2023,falaise,Trifolium repens,1
3,6,8.2.2023,falaise,Trifolium pratense,4
3,6,8.2.2023,slocan,Trifolium repens,65
3,6,8.3.2023,kensington,Trifolium repens,16
3,6,8.3.2023,kensington,Hypochaeris radicata,3
3,6,8.3.2023,kensington,Prunella vulgaris,5
3,6,8.3.2023,killarney,Crepis capillaris,29
3,6,8.3.2023,killarney,Rorippa palustris,87
3,6,8.3.2023,killarney,Achillea millefolium,4705
3,6,8.3.2023,killarney,Taraxacum officinale,1
3,6,8.3.2023,killarney,Trifolium pratense,22
3,6,8.3.2023,killarney,Trifolium repens,6
3,6,8.3.2023,killarney,Gaillardia pulchella,3
3,6,8.3.2023,killarney,Coreopsis lanceolata,9
3,6,8.3.2023,bobolink,Hypochaeris radicata,2
3,6,8.3.2023,bobolink,Plantago lanceolata,1
3,6,8.3.2023,bobolink,Crepis capillaris,4
3,6,8.3.2023,gordon,Crepis capillaris,2
