FLOWER_UNIQUE_ID,SITE,SITE_TREATMENT,POT_NUMBER,PLANT_NUMBER,FLOWER_TREATMENT,SEEDS_PRODUCED,BOTH_FLOWERS_OPEN_AND_POLLEN_APPLIED,BOTH_CAPSULES_RECOVERED,COUNT_NOTES,PL,PL_INDEX,DATE_PLACED_AT_SITE,DATE_RETURNED,DATE_FLOWER_OPEN_CONFIRMED,DATE_POLLEN_APPLIED,TREATMENT_NOTES
1,west memorial,treatment,1,1,control,108,Y,Y,,-2.857142857,3.857142857,6.29.2022,7.7.2022,7.5.2022,,
2,west memorial,treatment,1,1,treatment,28,Y,Y,,,,6.29.2022,7.7.2022,7.5.2022,7.5.2022,
3,west memorial,treatment,1,2,control,22,Y,Y,,0.765957447,0.234042553,6.29.2022,7.7.2022,7.5.2022,,
4,west memorial,treatment,1,2,treatment,94,Y,Y,,,,6.29.2022,7.7.2022,7.5.2022,7.5.2022,
5,west memorial,treatment,1,3,control,13,Y,Y,,0.87254902,0.12745098,6.29.2022,7.7.2022,7.5.2022,,
6,west memorial,treatment,1,3,treatment,102,Y,Y,,,,6.29.2022,7.7.2022,7.7.2022,7.7.2022,
7,west memorial,treatment,1,4,control,0,Y,Y,,#DIV/0!,#DIV/0!,6.29.2022,7.7.2022,7.1.2022,,
8,west memorial,treatment,1,4,treatment,0,Y,Y,,,,6.29.2022,7.7.2022,7.1.2022,7.1.2022,
9,west memorial,treatment,2,1,control,13,Y,Y,,-1.166666667,2.166666667,6.29.2022,7.7.2022,7.5.2022,,
10,west memorial,treatment,2,1,treatment,6,Y,Y,,,,6.29.2022,7.7.2022,7.5.2022,7.5.2022,
11,west memorial,treatment,2,2,control,73,Y,Y,,-0.921052632,1.921052632,6.29.2022,7.7.2022,7.5.2022,,
12,west memorial,treatment,2,2,treatment,38,Y,Y,,,,6.29.2022,7.7.2022,7.5.2022,7.5.2022,
13,west memorial,treatment,2,3,control,111,N,Y,,#DIV/0!,#DIV/0!,6.29.2022,7.7.2022,,,
14,west memorial,treatment,2,3,treatment,0,N,Y,,,,6.29.2022,7.7.2022,7.5.2022,,
15,west memorial,treatment,2,4,control,,Y,N,two pods in seed packet,1,0,6.29.2022,7.7.2022,7.5.2022,,
16,west memorial,treatment,2,4,treatment,71,Y,N,,,,6.29.2022,7.7.2022,7.5.2022,7.5.2022,
17,west memorial,treatment,3,1,control,64,Y,Y,,0.326315789,0.673684211,6.29.2022,7.7.2022,7.1.2022,,
18,west memorial,treatment,3,1,treatment,95,Y,Y,,,,6.29.2022,7.7.2022,7.5.2022,7.5.2022,
19,west memorial,treatment,3,2,control,113,Y,Y,,0.042372881,0.957627119,6.29.2022,7.7.2022,7.1.2022,,
20,west memorial,treatment,3,2,treatment,118,Y,Y,,,,6.29.2022,7.7.2022,7.5.2022,7.5.2022,
21,west memorial,treatment,3,3,control,,Y,N,no packet,1,0,6.29.2022,7.7.2022,7.1.2022,,
22,west memorial,treatment,3,3,treatment,129,Y,N,,,,6.29.2022,7.7.2022,7.1.2022,7.1.2022,
23,west memorial,treatment,3,4,control,27,Y,Y,,0.756756757,0.243243243,6.29.2022,7.7.2022,7.1.2022,,
24,west memorial,treatment,3,4,treatment,111,Y,Y,,,,6.29.2022,7.7.2022,7.5.2022,7.5.2022,
25,west memorial,treatment,4,1,control,0,Y,Y,,1,0,6.29.2022,7.7.2022,7.5.2022,,
26,west memorial,treatment,4,1,treatment,85,Y,Y,,,,6.29.2022,7.7.2022,7.5.2022,7.5.2022,
27,west memorial,treatment,4,2,control,18,Y,Y,,0.810526316,0.189473684,6.29.2022,7.7.2022,7.5.2022,,
28,west memorial,treatment,4,2,treatment,95,Y,Y,,,,6.29.2022,7.7.2022,7.5.2022,7.5.2022,
29,west memorial,treatment,4,3,control,94,Y,Y,,-0.08045977,1.08045977,6.29.2022,7.7.2022,7.5.2022,,
30,west memorial,treatment,4,3,treatment,87,Y,Y,,,,6.29.2022,7.7.2022,7.7.2022,7.7.2022,
31,west memorial,treatment,4,4,control,23,Y,Y,,0.54,0.46,6.29.2022,7.7.2022,7.5.2022,,
32,west memorial,treatment,4,4,treatment,50,Y,Y,,,,6.29.2022,7.7.2022,7.5.2022,7.5.2022,
33,west memorial,treatment,5,1,control,,N,N,no packet,#DIV/0!,#DIV/0!,6.29.2022,7.7.2022,,,
34,west memorial,treatment,5,1,treatment,,N,N,no packet,,,6.29.2022,7.7.2022,,,
35,west memorial,treatment,5,2,control,,N,N,no packet,#DIV/0!,#DIV/0!,6.29.2022,7.7.2022,,,
36,west memorial,treatment,5,2,treatment,,N,N,no packet,,,6.29.2022,7.7.2022,,,
37,west memorial,treatment,5,3,control,,N,N,no packet,#DIV/0!,#DIV/0!,6.29.2022,7.7.2022,,,
38,west memorial,treatment,5,3,treatment,,N,N,no packet,,,6.29.2022,7.7.2022,,,
39,west memorial,treatment,5,4,control,,N,N,no packet,#DIV/0!,#DIV/0!,6.29.2022,7.7.2022,,,
40,west memorial,treatment,5,4,treatment,,N,N,no packet,,,6.29.2022,7.7.2022,,,
41,west memorial,treatment,6,1,control,20,Y,Y,,0.710144928,0.289855072,6.29.2022,7.7.2022,7.5.2022,,
42,west memorial,treatment,6,1,treatment,69,Y,Y,,,,6.29.2022,7.7.2022,7.7.2022,7.7.2022,
43,west memorial,treatment,6,2,control,92,Y,Y,,0.070707071,0.929292929,6.29.2022,7.7.2022,7.1.2022,,
44,west memorial,treatment,6,2,treatment,99,Y,Y,,,,6.29.2022,7.7.2022,7.7.2022,7.7.2022,
45,west memorial,treatment,6,3,control,77,Y,Y,,0.306306306,0.693693694,6.29.2022,7.7.2022,7.5.2022,,
46,west memorial,treatment,6,3,treatment,111,Y,Y,,,,6.29.2022,7.7.2022,7.5.2022,7.5.2022,
47,west memorial,treatment,6,4,control,99,N,Y,,-1.911764706,2.911764706,6.29.2022,7.7.2022,,,
48,west memorial,treatment,6,4,treatment,34,N,Y,,,,6.29.2022,7.7.2022,7.5.2022,,
49,quilchena,control,7,1,control,113,Y,Y,,-0.527027027,1.527027027,6.29.2022,7.7.2022,7.5.2022,,
50,quilchena,control,7,1,treatment,74,Y,Y,,,,6.29.2022,7.7.2022,7.5.2022,7.5.2022,
51,quilchena,control,7,2,control,58,Y,Y,,0.408163265,0.591836735,6.29.2022,7.7.2022,7.5.2022,,
52,quilchena,control,7,2,treatment,98,Y,Y,,,,6.29.2022,7.7.2022,7.5.2022,7.5.2022,
53,quilchena,control,7,3,control,79,Y,Y,,-0.012820513,1.012820513,6.29.2022,7.7.2022,7.5.2022,,
54,quilchena,control,7,3,treatment,78,Y,Y,,,,6.29.2022,7.7.2022,7.5.2022,7.5.2022,
55,quilchena,control,7,4,control,56,N,Y,,0.176470588,0.823529412,6.29.2022,7.7.2022,,,7.5 PARTLY OPEN
56,quilchena,control,7,4,treatment,68,N,Y,,,,6.29.2022,7.7.2022,7.5.2022,7.5.2022,
57,quilchena,control,8,1,control,79,Y,Y,,0.300884956,0.699115044,6.29.2022,7.7.2022,7.1.2022,,
58,quilchena,control,8,1,treatment,113,Y,Y,,,,6.29.2022,7.7.2022,7.5.2022,7.5.2022,
59,quilchena,control,8,2,control,59,Y,Y,,0.2625,0.7375,6.29.2022,7.7.2022,7.5.2022,,
60,quilchena,control,8,2,treatment,80,Y,Y,,,,6.29.2022,7.7.2022,7.5.2022,7.5.2022,
61,quilchena,control,8,3,control,105,Y,Y,,0.198473282,0.801526718,6.29.2022,7.7.2022,7.1.2022,,
62,quilchena,control,8,3,treatment,131,Y,Y,,,,6.29.2022,7.7.2022,7.1.2022,7.1.2022,
63,quilchena,control,8,4,control,43,Y,Y,,0.402777778,0.597222222,6.29.2022,7.7.2022,7.1.2022,,
64,quilchena,control,8,4,treatment,72,Y,Y,,,,6.29.2022,7.7.2022,7.5.2022,7.5.2022,
65,quilchena,control,9,1,control,19,Y,Y,,0.746666667,0.253333333,6.29.2022,7.7.2022,7.5.2022,,
66,quilchena,control,9,1,treatment,75,Y,Y,,,,6.29.2022,7.7.2022,7.5.2022,7.5.2022,
67,quilchena,control,9,2,control,3,N,Y,,0.875,0.125,6.29.2022,7.7.2022,,,
68,quilchena,control,9,2,treatment,24,N,Y,,,,6.29.2022,7.7.2022,7.8.2022,7.8.2022,
69,quilchena,control,9,3,control,26,Y,Y,,0.767857143,0.232142857,6.29.2022,7.7.2022,7.7.2022,,
70,quilchena,control,9,3,treatment,112,Y,Y,,,,6.29.2022,7.7.2022,7.8.2022,7.8.2022,
71,quilchena,control,9,4,control,31,Y,Y,,0.659340659,0.340659341,6.29.2022,7.7.2022,7.5.2022,,
72,quilchena,control,9,4,treatment,91,Y,Y,,,,6.29.2022,7.7.2022,7.5.2022,7.5.2022,
73,quilchena,control,10,1,control,14,Y,Y,,0.754385965,0.245614035,6.29.2022,7.7.2022,7.5.2022,,
74,quilchena,control,10,1,treatment,57,Y,Y,,,,6.29.2022,7.7.2022,7.5.2022,7.5.2022,
75,quilchena,control,10,2,control,3,Y,N,,#DIV/0!,#DIV/0!,6.29.2022,7.7.2022,7.1.2022,,
76,quilchena,control,10,2,treatment,0,Y,N,seed pod missing,,,6.29.2022,7.7.2022,7.5.2022,7.5.2022,
77,quilchena,control,10,3,control,19,N,N,,#DIV/0!,#DIV/0!,6.29.2022,7.7.2022,,,
78,quilchena,control,10,3,treatment,,N,N,no packet,,,6.29.2022,7.7.2022,,,
79,quilchena,control,10,4,control,,N,N,no packet,1,0,6.29.2022,7.7.2022,,,
80,quilchena,control,10,4,treatment,67,N,N,,,,6.29.2022,7.7.2022,,,
81,quilchena,control,11,1,control,110,Y,Y,,0.153846154,0.846153846,6.29.2022,7.7.2022,7.1.2022,,
82,quilchena,control,11,1,treatment,130,Y,Y,,,,6.29.2022,7.7.2022,7.7.2022,7.7.2022,
83,quilchena,control,11,2,control,12,Y,Y,,0.901639344,0.098360656,6.29.2022,7.7.2022,7.1.2022,,
84,quilchena,control,11,2,treatment,122,Y,Y,,,,6.29.2022,7.7.2022,7.1.2022,7.1.2022,
85,quilchena,control,11,3,control,93,Y,Y,,0.35862069,0.64137931,6.29.2022,7.7.2022,7.7.2022,,
86,quilchena,control,11,3,treatment,145,Y,Y,,,,6.29.2022,7.7.2022,7.7.2022,7.7.2022,
87,quilchena,control,11,4,control,0,Y,Y,,1,0,6.29.2022,7.7.2022,7.1.2022,,
88,quilchena,control,11,4,treatment,124,Y,Y,,,,6.29.2022,7.7.2022,7.8.2022,7.8.2022,
89,quilchena,control,12,1,control,115,Y,Y,,-0.173469388,1.173469388,6.29.2022,7.7.2022,7.1.2022,,
90,quilchena,control,12,1,treatment,98,Y,Y,,,,6.29.2022,7.7.2022,7.1.2022,7.1.2022,
91,quilchena,control,12,2,control,15,Y,Y,,0.85,0.15,6.29.2022,7.7.2022,7.1.2022,,
92,quilchena,control,12,2,treatment,100,Y,Y,,,,6.29.2022,7.7.2022,7.1.2022,7.1.2022,
93,quilchena,control,12,3,control,59,Y,Y,,0.486956522,0.513043478,6.29.2022,7.7.2022,7.1.2022,,
94,quilchena,control,12,3,treatment,115,Y,Y,,,,6.29.2022,7.7.2022,7.5.2022,7.5.2022,
95,quilchena,control,12,4,control,23,Y,Y,,0.762886598,0.237113402,6.29.2022,7.7.2022,7.1.2022,,
96,quilchena,control,12,4,treatment,97,Y,Y,,,,6.29.2022,7.7.2022,7.1.2022,7.1.2022,
97,balaclava,control,13,1,control,78,Y,Y,,0.257142857,0.742857143,6.29.2022,7.7.2022,7.7.2022,,
98,balaclava,control,13,1,treatment,105,Y,Y,,,,6.29.2022,7.7.2022,7.8.2022,7.8.2022,
99,balaclava,control,13,2,control,136,Y,Y,,-0.259259259,1.259259259,6.29.2022,7.7.2022,7.5.2022,,
100,balaclava,control,13,2,treatment,108,Y,Y,,,,6.29.2022,7.7.2022,7.5.2022,7.5.2022,
101,balaclava,control,13,3,control,88,Y,Y,,-3.4,4.4,6.29.2022,7.7.2022,7.7.2022,,
102,balaclava,control,13,3,treatment,20,Y,Y,,,,6.29.2022,7.7.2022,7.9.2022,7.9.2022,
103,balaclava,control,13,4,control,,N,Y,,#DIV/0!,#DIV/0!,6.29.2022,7.7.2022,,,
104,balaclava,control,13,4,treatment,,N,Y,,,,6.29.2022,7.7.2022,7.7.2022,,
105,balaclava,control,14,1,control,0,Y,Y,,1,0,6.29.2022,7.7.2022,7.5.2022,,
106,balaclava,control,14,1,treatment,134,Y,Y,,,,6.29.2022,7.7.2022,7.1.2022,7.1.2022,
107,balaclava,control,14,2,control,80,Y,Y,,0.259259259,0.740740741,6.29.2022,7.7.2022,7.5.2022,,
108,balaclava,control,14,2,treatment,108,Y,Y,,,,6.29.2022,7.7.2022,7.1.2022,7.1.2022,
109,balaclava,control,14,3,control,104,Y,Y,,0.095652174,0.904347826,6.29.2022,7.7.2022,7.1.2022,,
110,balaclava,control,14,3,treatment,115,Y,Y,,,,6.29.2022,7.7.2022,7.5.2022,7.5.2022,
111,balaclava,control,14,4,control,122,Y,Y,,-0.070175439,1.070175439,6.29.2022,7.7.2022,7.5.2022,,
112,balaclava,control,14,4,treatment,114,Y,Y,,,,6.29.2022,7.7.2022,7.5.2022,7.5.2022,
113,balaclava,control,15,1,control,43,Y,Y,,-0.048780488,1.048780488,6.29.2022,7.7.2022,7.1.2022,,
114,balaclava,control,15,1,treatment,41,Y,Y,,,,6.29.2022,7.7.2022,7.5.2022,7.5.2022,
115,balaclava,control,15,2,control,0,Y,N,,#DIV/0!,#DIV/0!,6.29.2022,7.7.2022,7.1.2022,,
116,balaclava,control,15,2,treatment,,Y,N,no packet,,,6.29.2022,7.7.2022,7.5.2022,7.5.2022,
117,balaclava,control,15,3,control,98,Y,Y,,-0.126436782,1.126436782,6.29.2022,7.7.2022,7.5.2022,,
118,balaclava,control,15,3,treatment,87,Y,Y,,,,6.29.2022,7.7.2022,7.5.2022,7.5.2022,
119,balaclava,control,15,4,control,98,Y,N,,-0.462686567,1.462686567,6.29.2022,7.7.2022,7.1.2022,,
120,balaclava,control,15,4,treatment,67,Y,N,no packet,,,6.29.2022,7.7.2022,7.1.2022,7.1.2022,
121,balaclava,control,16,1,control,41,Y,N,,0.623853211,0.376146789,6.29.2022,7.7.2022,7.5.2022,,
122,balaclava,control,16,1,treatment,109,Y,N,no packet,,,6.29.2022,7.7.2022,7.8.2022,7.8.2022,
123,balaclava,control,16,2,control,42,N,Y,,0.6,0.4,6.29.2022,7.7.2022,,,
124,balaclava,control,16,2,treatment,105,N,Y,,,,6.29.2022,7.7.2022,,,
125,balaclava,control,16,3,control,115,Y,Y,,-0.210526316,1.210526316,6.29.2022,7.7.2022,7.5.2022,,
126,balaclava,control,16,3,treatment,95,Y,Y,,,,6.29.2022,7.7.2022,7.5.2022,7.5.2022,
127,balaclava,control,16,4,control,70,Y,Y,,-0.09375,1.09375,6.29.2022,7.7.2022,7.5.2022,,
128,balaclava,control,16,4,treatment,64,Y,Y,,,,6.29.2022,7.7.2022,7.5.2022,7.5.2022,
129,balaclava,control,17,1,control,64,Y,Y,,0.280898876,0.719101124,6.29.2022,7.7.2022,7.1.2022,,
130,balaclava,control,17,1,treatment,89,Y,Y,,,,6.29.2022,7.7.2022,7.5.2022,7.5.2022,
131,balaclava,control,17,2,control,123,Y,Y,,-0.366666667,1.366666667,6.29.2022,7.7.2022,7.1.2022,,
132,balaclava,control,17,2,treatment,90,Y,Y,,,,6.29.2022,7.7.2022,7.1.2022,7.1.2022,
133,balaclava,control,17,3,control,110,Y,Y,,0.051724138,0.948275862,6.29.2022,7.7.2022,7.1.2022,,
134,balaclava,control,17,3,treatment,116,Y,Y,,,,6.29.2022,7.7.2022,7.1.2022,7.1.2022,
135,balaclava,control,17,4,control,82,Y,N,,#DIV/0!,#DIV/0!,6.29.2022,7.7.2022,7.1.2022,,
136,balaclava,control,17,4,treatment,,Y,N,no packet,,,6.29.2022,7.7.2022,7.1.2022,7.1.2022,
137,balaclava,control,18,1,control,105,Y,Y,,-0.05,1.05,6.29.2022,7.7.2022,7.1.2022,,
138,balaclava,control,18,1,treatment,100,Y,Y,,,,6.29.2022,7.7.2022,7.5.2022,7.5.2022,
139,balaclava,control,18,2,control,105,Y,Y,,0.078947368,0.921052632,6.29.2022,7.7.2022,7.1.2022,,
140,balaclava,control,18,2,treatment,114,Y,Y,,,,6.29.2022,7.7.2022,7.5.2022,7.5.2022,
141,balaclava,control,18,3,control,128,Y,Y,,-0.132743363,1.132743363,6.29.2022,7.7.2022,7.5.2022,,
142,balaclava,control,18,3,treatment,113,Y,Y,,,,6.29.2022,7.7.2022,7.5.2022,7.5.2022,
143,balaclava,control,18,4,control,100,Y,Y,,0.115044248,0.884955752,6.29.2022,7.7.2022,7.1.2022,,
144,balaclava,control,18,4,treatment,113,Y,Y,,,,6.29.2022,7.7.2022,7.1.2022,7.1.2022,
145,prince of wales,treatment,19,1,control,41,Y,Y,,0.438356164,0.561643836,6.29.2022,7.7.2022,7.5.2022,,
146,prince of wales,treatment,19,1,treatment,73,Y,Y,,,,6.29.2022,7.7.2022,7.5.2022,7.5.2022,
147,prince of wales,treatment,19,2,control,58,Y,Y,,0.205479452,0.794520548,6.29.2022,7.7.2022,7.5.2022,,
148,prince of wales,treatment,19,2,treatment,73,Y,Y,,,,6.29.2022,7.7.2022,7.5.2022,7.5.2022,
149,prince of wales,treatment,19,3,control,87,Y,Y,,-0.208333333,1.208333333,6.29.2022,7.7.2022,7.5.2022,,
150,prince of wales,treatment,19,3,treatment,72,Y,Y,,,,6.29.2022,7.7.2022,7.5.2022,7.5.2022,
151,prince of wales,treatment,19,4,control,38,Y,Y,,0.6,0.4,6.29.2022,7.7.2022,7.1.2022,,
152,prince of wales,treatment,19,4,treatment,95,Y,Y,,,,6.29.2022,7.7.2022,7.7.2022,7.7.2022,
153,prince of wales,treatment,20,1,control,87,Y,Y,,0.112244898,0.887755102,6.29.2022,7.7.2022,7.5.2022,,
154,prince of wales,treatment,20,1,treatment,98,Y,Y,,,,6.29.2022,7.7.2022,7.5.2022,7.5.2022,
155,prince of wales,treatment,20,2,control,114,Y,Y,,-0.008849558,1.008849558,6.29.2022,7.7.2022,7.5.2022,,
156,prince of wales,treatment,20,2,treatment,113,Y,Y,,,,6.29.2022,7.7.2022,7.5.2022,7.5.2022,
157,prince of wales,treatment,20,3,control,42,Y,Y,,0.487804878,0.512195122,6.29.2022,7.7.2022,7.1.2022,,
158,prince of wales,treatment,20,3,treatment,82,Y,Y,,,,6.29.2022,7.7.2022,7.5.2022,7.5.2022,
159,prince of wales,treatment,20,4,control,110,Y,Y,,0.166666667,0.833333333,6.29.2022,7.7.2022,7.1.2022,,
160,prince of wales,treatment,20,4,treatment,132,Y,Y,,,,6.29.2022,7.7.2022,7.1.2022,7.1.2022,
161,prince of wales,treatment,21,1,control,126,Y,Y,,0.066666667,0.933333333,6.29.2022,7.7.2022,7.5.2022,,
162,prince of wales,treatment,21,1,treatment,135,Y,Y,,,,6.29.2022,7.7.2022,7.5.2022,7.5.2022,
163,prince of wales,treatment,21,2,control,115,Y,Y,,-0.036036036,1.036036036,6.29.2022,7.7.2022,7.1.2022,,
164,prince of wales,treatment,21,2,treatment,111,Y,Y,,,,6.29.2022,7.7.2022,7.7.2022,7.7.2022,
165,prince of wales,treatment,21,3,control,102,Y,Y,,0.23880597,0.76119403,6.29.2022,7.7.2022,7.5.2022,,
166,prince of wales,treatment,21,3,treatment,134,Y,Y,,,,6.29.2022,7.7.2022,7.7.2022,7.7.2022,
167,prince of wales,treatment,21,4,control,101,Y,Y,,-3.04,4.04,6.29.2022,7.7.2022,7.1.2022,,
168,prince of wales,treatment,21,4,treatment,25,Y,Y,,,,6.29.2022,7.7.2022,7.7.2022,7.7.2022,
169,prince of wales,treatment,22,1,control,10,Y,Y,,0.84375,0.15625,6.29.2022,7.7.2022,7.5.2022,,
170,prince of wales,treatment,22,1,treatment,64,Y,Y,,,,6.29.2022,7.7.2022,7.5.2022,7.5.2022,
171,prince of wales,treatment,22,2,control,81,N,N,,-3.263157895,4.263157895,6.29.2022,7.7.2022,,,
172,prince of wales,treatment,22,2,treatment,19,N,N,,,,6.29.2022,7.7.2022,,,
173,prince of wales,treatment,22,3,control,44,N,N,,0.343283582,0.656716418,6.29.2022,7.7.2022,,,
174,prince of wales,treatment,22,3,treatment,67,N,N,,,,6.29.2022,7.7.2022,,,
175,prince of wales,treatment,22,4,control,,N,N,no packet,1,0,6.29.2022,7.7.2022,,,
176,prince of wales,treatment,22,4,treatment,10,N,N,,,,6.29.2022,7.7.2022,,,
177,prince of wales,treatment,23,1,control,44,Y,Y,,0.456790123,0.543209877,6.29.2022,7.7.2022,7.5.2022,,
178,prince of wales,treatment,23,1,treatment,81,Y,Y,,,,6.29.2022,7.7.2022,7.8.2022,7.8.2022,
179,prince of wales,treatment,23,2,control,107,Y,Y,,-0.304878049,1.304878049,6.29.2022,7.7.2022,7.1.2022,,
180,prince of wales,treatment,23,2,treatment,82,Y,Y,,,,6.29.2022,7.7.2022,7.5.2022,7.5.2022,
181,prince of wales,treatment,23,3,control,77,Y,Y,,-0.069444444,1.069444444,6.29.2022,7.7.2022,7.5.2022,,
182,prince of wales,treatment,23,3,treatment,72,Y,Y,,,,6.29.2022,7.7.2022,7.5.2022,7.5.2022,
183,prince of wales,treatment,23,4,control,13,N,Y,,0.858695652,0.141304348,6.29.2022,7.7.2022,,,
184,prince of wales,treatment,23,4,treatment,92,N,Y,,,,6.29.2022,7.7.2022,,,
185,prince of wales,treatment,24,1,control,86,Y,Y,,-1.205128205,2.205128205,6.29.2022,7.7.2022,7.5.2022,,
186,prince of wales,treatment,24,1,treatment,39,Y,Y,,,,6.29.2022,7.7.2022,7.5.2022,7.5.2022,
187,prince of wales,treatment,24,2,control,84,Y,Y,,-0.527272727,1.527272727,6.29.2022,7.7.2022,7.1.2022,,
188,prince of wales,treatment,24,2,treatment,55,Y,Y,,,,6.29.2022,7.7.2022,7.5.2022,7.5.2022,
189,prince of wales,treatment,24,3,control,26,Y,Y,,0.726315789,0.273684211,6.29.2022,7.7.2022,7.1.2022,,
190,prince of wales,treatment,24,3,treatment,95,Y,Y,,,,6.29.2022,7.7.2022,7.1.2022,7.1.2022,
191,prince of wales,treatment,24,4,control,85,N,N,,#DIV/0!,#DIV/0!,6.29.2022,7.7.2022,,,
192,prince of wales,treatment,24,4,treatment,0,N,N,seed pod split before collection,,,6.29.2022,7.7.2022,7.1.2022,7.1.2022,
193,locarno,treatment,25,1,control,49,Y,Y,,0.155172414,0.844827586,6.30.2022,7.7.2022,7.5.2022,,
194,locarno,treatment,25,1,treatment,58,Y,Y,,,,6.30.2022,7.7.2022,7.5.2022,7.5.2022,
195,locarno,treatment,25,2,control,,N,N,no packet,1,0,6.30.2022,7.7.2022,,,
196,locarno,treatment,25,2,treatment,46,N,N,,,,6.30.2022,7.7.2022,,,
197,locarno,treatment,25,3,control,,N,N,no packet,#DIV/0!,#DIV/0!,6.30.2022,7.7.2022,,,
198,locarno,treatment,25,3,treatment,,N,N,no packet,,,6.30.2022,7.7.2022,,,
199,locarno,treatment,25,4,control,,N,N,no packet,#DIV/0!,#DIV/0!,6.30.2022,7.7.2022,,,
200,locarno,treatment,25,4,treatment,,N,N,no packet,,,6.30.2022,7.7.2022,,,
201,locarno,treatment,26,1,control,,N,N,no packet,1,0,6.30.2022,7.7.2022,,,
202,locarno,treatment,26,1,treatment,46,N,N,,,,6.30.2022,7.7.2022,,,
203,locarno,treatment,26,2,control,15,N,N,,0.375,0.625,6.30.2022,7.7.2022,,,
204,locarno,treatment,26,2,treatment,24,N,N,,,,6.30.2022,7.7.2022,,,
205,locarno,treatment,26,3,control,,N,N,no packet,#REF!,#REF!,6.30.2022,7.7.2022,,,
206,locarno,treatment,26,3,treatment,20,N,N,,,,6.30.2022,7.7.2022,,,
207,locarno,treatment,26,4,control,,N,N,no packet,#DIV/0!,#DIV/0!,6.30.2022,7.7.2022,,,
208,locarno,treatment,26,4,treatment,,N,N,no packet,,,6.30.2022,7.7.2022,,,
209,locarno,treatment,27,1,control,99,Y,Y,,-0.285714286,1.285714286,6.30.2022,7.7.2022,7.5.2022,,
210,locarno,treatment,27,1,treatment,77,Y,Y,,,,6.30.2022,7.7.2022,7.5.2022,7.5.2022,
211,locarno,treatment,27,2,control,6,Y,Y,,0.918918919,0.081081081,6.30.2022,7.7.2022,7.5.2022,,
212,locarno,treatment,27,2,treatment,74,Y,Y,,,,6.30.2022,7.7.2022,7.5.2022,7.5.2022,
213,locarno,treatment,27,3,control,100,Y,Y,,0.173553719,0.826446281,6.30.2022,7.7.2022,7.5.2022,,
214,locarno,treatment,27,3,treatment,121,Y,Y,,,,6.30.2022,7.7.2022,7.5.2022,7.5.2022,
215,locarno,treatment,27,4,control,24,Y,Y,,0.351351351,0.648648649,6.30.2022,7.7.2022,7.5.2022,,
216,locarno,treatment,27,4,treatment,37,Y,Y,,,,6.30.2022,7.7.2022,7.5.2022,7.5.2022,
217,locarno,treatment,28,1,control,68,Y,N,,#DIV/0!,#DIV/0!,6.30.2022,7.7.2022,7.5.2022,,
218,locarno,treatment,28,1,treatment,0,Y,N,seed pod split before collection,,,6.30.2022,7.7.2022,7.5.2022,7.5.2022,
219,locarno,treatment,28,2,control,108,Y,Y,,-0.136842105,1.136842105,6.30.2022,7.7.2022,7.5.2022,,
220,locarno,treatment,28,2,treatment,95,Y,Y,,,,6.30.2022,7.7.2022,7.7.2022,7.7.2022,
221,locarno,treatment,28,3,control,102,Y,N,,-2.4,3.4,6.30.2022,7.7.2022,7.5.2022,,
222,locarno,treatment,28,3,treatment,30,Y,N,seed pod split before collection,,,6.30.2022,7.7.2022,7.5.2022,7.5.2022,
223,locarno,treatment,28,4,control,96,Y,Y,,-0.185185185,1.185185185,6.30.2022,7.7.2022,7.5.2022,,
224,locarno,treatment,28,4,treatment,81,Y,Y,,,,6.30.2022,7.7.2022,7.5.2022,7.5.2022,
225,locarno,treatment,29,1,control,53,Y,Y,,0.353658537,0.646341463,6.30.2022,7.7.2022,7.5.2022,,
226,locarno,treatment,29,1,treatment,82,Y,Y,,,,6.30.2022,7.7.2022,7.8.2022,7.8.2022,
227,locarno,treatment,29,2,control,21,Y,Y,,0.5,0.5,6.30.2022,7.7.2022,7.5.2022,,
228,locarno,treatment,29,2,treatment,42,Y,Y,,,,6.30.2022,7.7.2022,7.5.2022,7.5.2022,
229,locarno,treatment,29,3,control,77,Y,Y,,-0.149253731,1.149253731,6.30.2022,7.7.2022,7.5.2022,,
230,locarno,treatment,29,3,treatment,67,Y,Y,,,,6.30.2022,7.7.2022,7.5.2022,7.5.2022,
231,locarno,treatment,29,4,control,66,Y,Y,,0.359223301,0.640776699,6.30.2022,7.7.2022,7.5.2022,,
232,locarno,treatment,29,4,treatment,103,Y,Y,,,,6.30.2022,7.7.2022,7.9.2022,7.9.2022,
233,locarno,treatment,30,1,control,32,Y,Y,,0.695238095,0.304761905,6.30.2022,7.7.2022,7.5.2022,,
234,locarno,treatment,30,1,treatment,105,Y,Y,,,,6.30.2022,7.7.2022,7.5.2022,7.5.2022,
235,locarno,treatment,30,2,control,45,Y,Y,,0.612068966,0.387931034,6.30.2022,7.7.2022,7.5.2022,,
236,locarno,treatment,30,2,treatment,116,Y,Y,,,,6.30.2022,7.7.2022,7.5.2022,7.5.2022,
237,locarno,treatment,30,3,control,108,Y,Y,,0.052631579,0.947368421,6.30.2022,7.7.2022,7.5.2022,,
238,locarno,treatment,30,3,treatment,114,Y,Y,,,,6.30.2022,7.7.2022,7.5.2022,7.5.2022,
239,locarno,treatment,30,4,control,97,Y,Y,,-0.114942529,1.114942529,6.30.2022,7.7.2022,7.5.2022,,
240,locarno,treatment,30,4,treatment,87,Y,Y,,,,6.30.2022,7.7.2022,7.5.2022,7.5.2022,
241,oak meadows,treatment,31,1,control,41,Y,Y,,0.728476821,0.271523179,6.30.2022,7.7.2022,7.1.2022,,
242,oak meadows,treatment,31,1,treatment,151,Y,Y,,,,6.30.2022,7.7.2022,7.1.2022,7.1.2022,
243,oak meadows,treatment,31,2,control,130,Y,Y,,0.202453988,0.797546012,6.30.2022,7.7.2022,7.1.2022,,
244,oak meadows,treatment,31,2,treatment,163,Y,Y,,,,6.30.2022,7.7.2022,7.1.2022,7.1.2022,
245,oak meadows,treatment,31,3,control,135,Y,Y,,0.140127389,0.859872611,6.30.2022,7.7.2022,7.1.2022,,
246,oak meadows,treatment,31,3,treatment,157,Y,Y,,,,6.30.2022,7.7.2022,7.1.2022,7.1.2022,
247,oak meadows,treatment,31,4,control,128,Y,Y,,0.111111111,0.888888889,6.30.2022,7.7.2022,7.1.2022,,
248,oak meadows,treatment,31,4,treatment,144,Y,Y,,,,6.30.2022,7.7.2022,7.1.2022,7.1.2022,
249,oak meadows,treatment,32,1,control,43,Y,Y,,-0.023809524,1.023809524,6.30.2022,7.7.2022,7.5.2022,,
250,oak meadows,treatment,32,1,treatment,42,Y,Y,,,,6.30.2022,7.7.2022,7.5.2022,7.5.2022,
251,oak meadows,treatment,32,2,control,81,N,Y,,-3.05,4.05,6.30.2022,7.7.2022,,,
252,oak meadows,treatment,32,2,treatment,20,N,Y,,,,6.30.2022,7.7.2022,,,
253,oak meadows,treatment,32,3,control,0,Y,Y,,1,0,6.30.2022,7.7.2022,7.5.2022,,
254,oak meadows,treatment,32,3,treatment,68,Y,Y,,,,6.30.2022,7.7.2022,7.5.2022,7.5.2022,
255,oak meadows,treatment,32,4,control,13,N,Y,,-12,13,6.30.2022,7.7.2022,,,
256,oak meadows,treatment,32,4,treatment,1,N,Y,,,,6.30.2022,7.7.2022,,,
257,oak meadows,treatment,33,1,control,46,Y,Y,,0.488888889,0.511111111,6.30.2022,7.7.2022,7.7.2022,,
258,oak meadows,treatment,33,1,treatment,90,Y,Y,,,,6.30.2022,7.7.2022,7.8.2022,7.8.2022,
259,oak meadows,treatment,33,2,control,19,Y,Y,,0.791208791,0.208791209,6.30.2022,7.7.2022,7.7.2022,,
260,oak meadows,treatment,33,2,treatment,91,Y,Y,,,,6.30.2022,7.7.2022,7.8.2022,7.8.2022,
261,oak meadows,treatment,33,3,control,14,N,Y,,0.416666667,0.583333333,6.30.2022,7.7.2022,,,
262,oak meadows,treatment,33,3,treatment,24,N,Y,,,,6.30.2022,7.7.2022,,,
263,oak meadows,treatment,33,4,control,9,N,Y,,-8,9,6.30.2022,7.7.2022,,,
264,oak meadows,treatment,33,4,treatment,1,N,Y,,,,6.30.2022,7.7.2022,,,
265,oak meadows,treatment,34,1,control,30,Y,Y,,0.788732394,0.211267606,6.30.2022,7.7.2022,7.5.2022,,
266,oak meadows,treatment,34,1,treatment,142,Y,Y,,,,6.30.2022,7.7.2022,7.1.2022,7.1.2022,
267,oak meadows,treatment,34,2,control,124,Y,Y,,-0.024793388,1.024793388,6.30.2022,7.7.2022,7.1.2022,,
268,oak meadows,treatment,34,2,treatment,121,Y,Y,,,,6.30.2022,7.7.2022,7.5.2022,7.5.2022,
269,oak meadows,treatment,34,3,control,127,Y,Y,,-0.114035088,1.114035088,6.30.2022,7.7.2022,7.1.2022,,
270,oak meadows,treatment,34,3,treatment,114,Y,Y,,,,6.30.2022,7.7.2022,7.5.2022,7.5.2022,
271,oak meadows,treatment,34,4,control,82,Y,Y,,0.327868852,0.672131148,6.30.2022,7.7.2022,7.5.2022,,
272,oak meadows,treatment,34,4,treatment,122,Y,Y,,,,6.30.2022,7.7.2022,7.5.2022,7.5.2022,
273,oak meadows,treatment,35,1,control,63,Y,Y,,0.416666667,0.583333333,6.30.2022,7.7.2022,7.5.2022,,
274,oak meadows,treatment,35,1,treatment,108,Y,Y,,,,6.30.2022,7.7.2022,7.5.2022,7.5.2022,
275,oak meadows,treatment,35,2,control,14,Y,Y,,0.766666667,0.233333333,6.30.2022,7.7.2022,7.5.2022,,
276,oak meadows,treatment,35,2,treatment,60,Y,Y,,,,6.30.2022,7.7.2022,7.5.2022,7.5.2022,
277,oak meadows,treatment,35,3,control,14,Y,Y,,0.75,0.25,6.30.2022,7.7.2022,7.5.2022,,
278,oak meadows,treatment,35,3,treatment,56,Y,Y,,,,6.30.2022,7.7.2022,7.1.2022,7.1.2022,
279,oak meadows,treatment,35,4,control,4,Y,Y,,0.93220339,0.06779661,6.30.2022,7.7.2022,7.5.2022,,
280,oak meadows,treatment,35,4,treatment,59,Y,Y,,,,6.30.2022,7.7.2022,7.1.2022,7.1.2022,
281,oak meadows,treatment,36,1,control,72,Y,Y,,-0.058823529,1.058823529,6.30.2022,7.7.2022,7.1.2022,,
282,oak meadows,treatment,36,1,treatment,68,Y,Y,,,,6.30.2022,7.7.2022,7.5.2022,7.5.2022,
283,oak meadows,treatment,36,2,control,1,Y,Y,,0.983333333,0.016666667,6.30.2022,7.7.2022,7.1.2022,,
284,oak meadows,treatment,36,2,treatment,60,Y,Y,,,,6.30.2022,7.7.2022,7.1.2022,7.1.2022,CLOSED 7.5
285,oak meadows,treatment,36,3,control,6,Y,Y,,0.87755102,0.12244898,6.30.2022,7.7.2022,7.5.2022,,
286,oak meadows,treatment,36,3,treatment,49,Y,Y,,,,6.30.2022,7.7.2022,7.5.2022,7.5.2022,
287,oak meadows,treatment,36,4,control,61,Y,Y,,-0.452380952,1.452380952,6.30.2022,7.7.2022,7.5.2022,,
288,oak meadows,treatment,36,4,treatment,42,Y,Y,,,,6.30.2022,7.7.2022,7.5.2022,7.5.2022,
289,bobolink,control,37,1,control,41,N,Y,,-7.2,8.2,6.30.2022,7.7.2022,,,
290,bobolink,control,37,1,treatment,5,N,Y,,,,6.30.2022,7.7.2022,,,
291,bobolink,control,37,2,control,12,N,Y,,0.666666667,0.333333333,6.30.2022,7.7.2022,7.6.2022,,
292,bobolink,control,37,2,treatment,36,N,Y,,,,6.30.2022,7.7.2022,,,
293,bobolink,control,37,3,control,17,Y,Y,,0.815217391,0.184782609,6.30.2022,7.7.2022,7.6.2022,,
294,bobolink,control,37,3,treatment,92,Y,Y,,,,6.30.2022,7.7.2022,7.6.2022,7.6.2022,
295,bobolink,control,37,4,control,95,N,Y,,#DIV/0!,#DIV/0!,6.30.2022,7.7.2022,,,
296,bobolink,control,37,4,treatment,,N,Y,,,,6.30.2022,7.7.2022,,,
297,bobolink,control,38,1,control,30,Y,Y,,0.464285714,0.535714286,6.30.2022,7.7.2022,7.6.2022,,
298,bobolink,control,38,1,treatment,56,Y,Y,,,,6.30.2022,7.7.2022,7.6.2022,7.6.2022,
299,bobolink,control,38,2,control,29,N,N,,#DIV/0!,#DIV/0!,6.30.2022,7.7.2022,7.6.2022,,
300,bobolink,control,38,2,treatment,,N,N,no packet,,,6.30.2022,7.7.2022,,,
301,bobolink,control,38,3,control,10,N,Y,,0.722222222,0.277777778,6.30.2022,7.7.2022,,,
302,bobolink,control,38,3,treatment,36,N,Y,,,,6.30.2022,7.7.2022,7.6.2022,,
303,bobolink,control,38,4,control,27,N,Y,,0.1,0.9,6.30.2022,7.7.2022,7.6.2022,,
304,bobolink,control,38,4,treatment,30,N,Y,,,,6.30.2022,7.7.2022,,,
305,bobolink,control,39,1,control,,Y,N,no packet,#DIV/0!,#DIV/0!,6.30.2022,7.7.2022,7.1.2022,,
306,bobolink,control,39,1,treatment,,Y,N,no packet,,,6.30.2022,7.7.2022,7.6.2022,7.6.2022,
307,bobolink,control,39,2,control,91,Y,Y,,-0.491803279,1.491803279,6.30.2022,7.7.2022,7.1.2022,,
308,bobolink,control,39,2,treatment,61,Y,Y,,,,6.30.2022,7.7.2022,7.6.2022,7.6.2022,
309,bobolink,control,39,3,control,108,Y,Y,,0.009174312,0.990825688,6.30.2022,7.7.2022,7.1.2022,,
310,bobolink,control,39,3,treatment,109,Y,Y,,,,6.30.2022,7.7.2022,7.1.2022,7.1.2022,
311,bobolink,control,39,4,control,58,Y,Y,,0.265822785,0.734177215,6.30.2022,7.7.2022,7.6.2022,,
312,bobolink,control,39,4,treatment,79,Y,Y,,,,6.30.2022,7.7.2022,7.6.2022,7.6.2022,
313,bobolink,control,40,1,control,87,Y,Y,,0.074468085,0.925531915,6.30.2022,7.7.2022,7.1.2022,,
314,bobolink,control,40,1,treatment,94,Y,Y,,,,6.30.2022,7.7.2022,7.1.2022,7.1.2022,
315,bobolink,control,40,2,control,21,Y,Y,,0.752941176,0.247058824,6.30.2022,7.7.2022,7.1.2022,,
316,bobolink,control,40,2,treatment,85,Y,Y,,,,6.30.2022,7.7.2022,7.6.2022,7.6.2022,
317,bobolink,control,40,3,control,45,Y,Y,,0.601769912,0.398230088,6.30.2022,7.7.2022,7.1.2022,,
318,bobolink,control,40,3,treatment,113,Y,Y,,,,6.30.2022,7.7.2022,7.8.2022,7.8.2022,
319,bobolink,control,40,4,control,19,Y,Y,,0.387096774,0.612903226,6.30.2022,7.7.2022,7.6.2022,,
320,bobolink,control,40,4,treatment,31,Y,Y,,,,6.30.2022,7.7.2022,7.6.2022,7.6.2022,
321,bobolink,control,41,1,control,42,N,Y,,0.31147541,0.68852459,6.30.2022,7.7.2022,7.6.2022,,
322,bobolink,control,41,1,treatment,61,N,Y,,,,6.30.2022,7.7.2022,,,
323,bobolink,control,41,2,control,28,N,Y,,0.348837209,0.651162791,6.30.2022,7.7.2022,7.6.2022,,
324,bobolink,control,41,2,treatment,43,N,Y,,,,6.30.2022,7.7.2022,,,
325,bobolink,control,41,3,control,86,N,Y,,-2.583333333,3.583333333,6.30.2022,7.7.2022,,,
326,bobolink,control,41,3,treatment,24,N,Y,,,,6.30.2022,7.7.2022,7.6.2022,,
327,bobolink,control,41,4,control,,N,N,no packet,1,0,6.30.2022,7.7.2022,,,
328,bobolink,control,41,4,treatment,31,N,N,,,,6.30.2022,7.7.2022,7.6.2022,,
329,bobolink,control,42,1,control,73,Y,Y,,0.179775281,0.820224719,6.30.2022,7.7.2022,7.1.2022,,
330,bobolink,control,42,1,treatment,89,Y,Y,,,,6.30.2022,7.7.2022,7.1.2022,7.1.2022,
331,bobolink,control,42,2,control,67,Y,Y,,0.427350427,0.572649573,6.30.2022,7.7.2022,7.6.2022,,
332,bobolink,control,42,2,treatment,117,Y,Y,,,,6.30.2022,7.7.2022,7.6.2022,7.6.2022,
333,bobolink,control,42,3,control,95,Y,Y,,-0.079545455,1.079545455,6.30.2022,7.7.2022,7.1.2022,,
334,bobolink,control,42,3,treatment,88,Y,Y,,,,6.30.2022,7.7.2022,7.6.2022,7.6.2022,
335,bobolink,control,42,4,control,77,Y,Y,,-0.149253731,1.149253731,6.30.2022,7.7.2022,7.1.2022,,
336,bobolink,control,42,4,treatment,67,Y,Y,,,,6.30.2022,7.7.2022,7.6.2022,7.6.2022,
337,falaise,treatment,43,1,control,21,N,Y,,0.596153846,0.403846154,6.30.2022,7.7.2022,,,
338,falaise,treatment,43,1,treatment,52,N,Y,,,,6.30.2022,7.7.2022,,,
339,falaise,treatment,43,2,control,55,N,Y,,-12.75,13.75,6.30.2022,7.7.2022,,,
340,falaise,treatment,43,2,treatment,4,N,Y,,,,6.30.2022,7.7.2022,,,
341,falaise,treatment,43,3,control,35,N,Y,,-0.944444444,1.944444444,6.30.2022,7.7.2022,,,
342,falaise,treatment,43,3,treatment,18,N,Y,,,,6.30.2022,7.7.2022,,,
343,falaise,treatment,43,4,control,0,N,Y,,1,0,6.30.2022,7.7.2022,,,
344,falaise,treatment,43,4,treatment,52,N,Y,,,,6.30.2022,7.7.2022,,,
345,falaise,treatment,44,1,control,91,Y,Y,,-2.956521739,3.956521739,6.30.2022,7.7.2022,7.6.2022,,
346,falaise,treatment,44,1,treatment,23,Y,Y,,,,6.30.2022,7.7.2022,7.6.2022,7.6.2022,
347,falaise,treatment,44,2,control,43,Y,Y,,0.418918919,0.581081081,6.30.2022,7.7.2022,7.1.2022,,
348,falaise,treatment,44,2,treatment,74,Y,Y,,,,6.30.2022,7.7.2022,7.6.2022,7.6.2022,
349,falaise,treatment,44,3,control,14,Y,Y,,0.885245902,0.114754098,6.30.2022,7.7.2022,7.6.2022,,
350,falaise,treatment,44,3,treatment,122,Y,Y,,,,6.30.2022,7.7.2022,7.1.2022,7.1.2022,
351,falaise,treatment,44,4,control,113,Y,Y,,-1.354166667,2.354166667,6.30.2022,7.7.2022,7.1.2022,,
352,falaise,treatment,44,4,treatment,48,Y,Y,,,,6.30.2022,7.7.2022,7.6.2022,7.6.2022,
353,falaise,treatment,45,1,control,89,Y,Y,,-0.589285714,1.589285714,6.30.2022,7.7.2022,7.1.2022,,
354,falaise,treatment,45,1,treatment,56,Y,Y,,,,6.30.2022,7.7.2022,7.6.2022,7.6.2022,
355,falaise,treatment,45,2,control,40,Y,Y,,0.696969697,0.303030303,6.30.2022,7.7.2022,7.1.2022,,
356,falaise,treatment,45,2,treatment,132,Y,Y,,,,6.30.2022,7.7.2022,7.8.2022,7.8.2022,
357,falaise,treatment,45,3,control,12,Y,Y,,0.818181818,0.181818182,6.30.2022,7.7.2022,7.6.2022,,
358,falaise,treatment,45,3,treatment,66,Y,Y,,,,6.30.2022,7.7.2022,7.6.2022,7.6.2022,
359,falaise,treatment,45,4,control,30,Y,Y,,0.711538462,0.288461538,6.30.2022,7.7.2022,7.1.2022,,
360,falaise,treatment,45,4,treatment,104,Y,Y,,,,6.30.2022,7.7.2022,7.6.2022,7.6.2022,
361,falaise,treatment,46,1,control,88,Y,Y,,-0.128205128,1.128205128,6.30.2022,7.7.2022,7.1.2022,,
362,falaise,treatment,46,1,treatment,78,Y,Y,,,,6.30.2022,7.7.2022,7.6.2022,7.6.2022,
363,falaise,treatment,46,2,control,94,Y,Y,,0.050505051,0.949494949,6.30.2022,7.7.2022,7.1.2022,,
364,falaise,treatment,46,2,treatment,99,Y,Y,,,,6.30.2022,7.7.2022,7.1.2022,7.1.2022,
365,falaise,treatment,46,3,control,49,Y,Y,,-0.75,1.75,6.30.2022,7.7.2022,7.6.2022,,
366,falaise,treatment,46,3,treatment,28,Y,Y,,,,6.30.2022,7.7.2022,7.6.2022,7.6.2022,
367,falaise,treatment,46,4,control,82,Y,Y,,-0.261538462,1.261538462,6.30.2022,7.7.2022,7.1.2022,,
368,falaise,treatment,46,4,treatment,65,Y,Y,,,,6.30.2022,7.7.2022,7.6.2022,7.6.2022,
369,falaise,treatment,47,1,control,14,N,Y,,0.5,0.5,6.30.2022,7.7.2022,,,
370,falaise,treatment,47,1,treatment,28,N,Y,,,,6.30.2022,7.7.2022,7.6.2022,,
371,falaise,treatment,47,2,control,54,N,Y,,0.534482759,0.465517241,6.30.2022,7.7.2022,,,
372,falaise,treatment,47,2,treatment,116,N,Y,,,,6.30.2022,7.7.2022,,,
373,falaise,treatment,47,3,control,,N,N,no packet,#DIV/0!,#DIV/0!,6.30.2022,7.7.2022,,,
374,falaise,treatment,47,3,treatment,,N,N,no packet,,,6.30.2022,7.7.2022,,,
375,falaise,treatment,47,4,control,,N,N,no packet,#DIV/0!,#DIV/0!,6.30.2022,7.7.2022,,,
376,falaise,treatment,47,4,treatment,,N,N,no packet,,,6.30.2022,7.7.2022,,,
377,falaise,treatment,48,1,control,123,Y,Y,,-0.128440367,1.128440367,6.30.2022,7.7.2022,7.1.2022,,
378,falaise,treatment,48,1,treatment,109,Y,Y,,,,6.30.2022,7.7.2022,7.6.2022,7.6.2022,
379,falaise,treatment,48,2,control,102,Y,Y,,0.23880597,0.76119403,6.30.2022,7.7.2022,7.1.2022,,
380,falaise,treatment,48,2,treatment,134,Y,Y,,,,6.30.2022,7.7.2022,7.1.2022,7.1.2022,
381,falaise,treatment,48,3,control,70,Y,Y,,0.263157895,0.736842105,6.30.2022,7.7.2022,7.6.2022,,
382,falaise,treatment,48,3,treatment,95,Y,Y,,,,6.30.2022,7.7.2022,7.6.2022,7.6.2022,
383,falaise,treatment,48,4,control,93,Y,Y,,-0.148148148,1.148148148,6.30.2022,7.7.2022,7.1.2022,,
384,falaise,treatment,48,4,treatment,81,Y,Y,,,,6.30.2022,7.7.2022,7.6.2022,7.6.2022,
385,moberly,control,49,1,control,87,N,Y,,-6.909090909,7.909090909,6.30.2022,7.7.2022,,,
386,moberly,control,49,1,treatment,11,N,Y,,,,6.30.2022,7.7.2022,,,
387,moberly,control,49,2,control,,N,N,no packet,1,0,6.30.2022,7.7.2022,,,
388,moberly,control,49,2,treatment,36,N,N,,,,6.30.2022,7.7.2022,,,
389,moberly,control,49,3,control,28,N,Y,,0.461538462,0.538461538,6.30.2022,7.7.2022,,,
390,moberly,control,49,3,treatment,52,N,Y,,,,6.30.2022,7.7.2022,,,
391,moberly,control,49,4,control,106,N,Y,,-0.070707071,1.070707071,6.30.2022,7.7.2022,,,
392,moberly,control,49,4,treatment,99,N,Y,,,,6.30.2022,7.7.2022,7.7.2022,,
393,moberly,control,50,1,control,,Y,N,no packet,1,0,6.30.2022,7.7.2022,7.5.2022,,
394,moberly,control,50,1,treatment,81,Y,N,,,,6.30.2022,7.7.2022,7.5.2022,7.5.2022,
395,moberly,control,50,2,control,64,Y,Y,,0.044776119,0.955223881,6.30.2022,7.7.2022,7.5.2022,,
396,moberly,control,50,2,treatment,67,Y,Y,,,,6.30.2022,7.7.2022,7.5.2022,7.5.2022,
397,moberly,control,50,3,control,109,Y,N,,#DIV/0!,#DIV/0!,6.30.2022,7.7.2022,7.1.2022,,
398,moberly,control,50,3,treatment,,Y,N,no packet,,,6.30.2022,7.7.2022,7.5.2022,7.5.2022,
399,moberly,control,50,4,control,47,Y,N,,#DIV/0!,#DIV/0!,6.30.2022,7.7.2022,7.1.2022,,
400,moberly,control,50,4,treatment,,Y,N,no packet,,,6.30.2022,7.7.2022,7.5.2022,7.5.2022,
401,moberly,control,51,1,control,107,Y,Y,,0.170542636,0.829457364,6.30.2022,7.7.2022,7.1.2022,,
402,moberly,control,51,1,treatment,129,Y,Y,,,,6.30.2022,7.7.2022,7.1.2022,7.1.2022,
403,moberly,control,51,2,control,57,Y,Y,,0.435643564,0.564356436,6.30.2022,7.7.2022,7.1.2022,,
404,moberly,control,51,2,treatment,101,Y,Y,,,,6.30.2022,7.7.2022,7.5.2022,7.5.2022,
405,moberly,control,51,3,control,59,Y,N,,#DIV/0!,#DIV/0!,6.30.2022,7.7.2022,7.1.2022,,
406,moberly,control,51,3,treatment,,Y,N,no packet,,,6.30.2022,7.7.2022,7.5.2022,7.5.2022,
407,moberly,control,51,4,control,106,Y,Y,,0.036363636,0.963636364,6.30.2022,7.7.2022,7.1.2022,,
408,moberly,control,51,4,treatment,110,Y,Y,,,,6.30.2022,7.7.2022,7.5.2022,7.5.2022,
409,moberly,control,52,1,control,29,Y,Y,,0.691489362,0.308510638,6.30.2022,7.7.2022,7.5.2022,,
410,moberly,control,52,1,treatment,94,Y,Y,,,,6.30.2022,7.7.2022,7.5.2022,7.5.2022,
411,moberly,control,52,2,control,59,Y,Y,,0.280487805,0.719512195,6.30.2022,7.7.2022,7.5.2022,,
412,moberly,control,52,2,treatment,82,Y,Y,,,,6.30.2022,7.7.2022,7.1.2022,7.1.2022,
413,moberly,control,52,3,control,109,Y,Y,,-0.211111111,1.211111111,6.30.2022,7.7.2022,7.5.2022,,
414,moberly,control,52,3,treatment,90,Y,Y,,,,6.30.2022,7.7.2022,7.5.2022,7.5.2022,
415,moberly,control,52,4,control,39,Y,Y,,0.434782609,0.565217391,6.30.2022,7.7.2022,7.5.2022,,
416,moberly,control,52,4,treatment,69,Y,Y,,,,6.30.2022,7.7.2022,7.5.2022,7.5.2022,
417,moberly,control,53,1,control,16,Y,Y,,0.813953488,0.186046512,6.30.2022,7.7.2022,7.1.2022,,
418,moberly,control,53,1,treatment,86,Y,Y,,,,6.30.2022,7.7.2022,7.1.2022,7.1.2022,
419,moberly,control,53,2,control,58,Y,Y,,-0.526315789,1.526315789,6.30.2022,7.7.2022,7.5.2022,,
420,moberly,control,53,2,treatment,38,Y,Y,,,,6.30.2022,7.7.2022,7.5.2022,7.5.2022,
421,moberly,control,53,3,control,93,Y,Y,,-0.033333333,1.033333333,6.30.2022,7.7.2022,7.5.2022,,
422,moberly,control,53,3,treatment,90,Y,Y,,,,6.30.2022,7.7.2022,7.5.2022,7.5.2022,
423,moberly,control,53,4,control,52,Y,Y,,0.446808511,0.553191489,6.30.2022,7.7.2022,7.1.2022,,
424,moberly,control,53,4,treatment,94,Y,Y,,,,6.30.2022,7.7.2022,7.1.2022,7.1.2022,
425,moberly,control,54,1,control,56,N,Y,,-0.142857143,1.142857143,6.30.2022,7.7.2022,,,
426,moberly,control,54,1,treatment,49,N,Y,,,,6.30.2022,7.7.2022,7.5.2022,7.5.2022,
427,moberly,control,54,2,control,56,Y,Y,,-0.513513514,1.513513514,6.30.2022,7.7.2022,7.1.2022,,
428,moberly,control,54,2,treatment,37,Y,Y,,,,6.30.2022,7.7.2022,7.5.2022,7.5.2022,
429,moberly,control,54,3,control,98,Y,Y,,-1,2,6.30.2022,7.7.2022,7.5.2022,,
430,moberly,control,54,3,treatment,49,Y,Y,,,,6.30.2022,7.7.2022,7.5.2022,7.5.2022,
431,moberly,control,54,4,control,103,Y,Y,,-1.019607843,2.019607843,6.30.2022,7.7.2022,7.5.2022,,
432,moberly,control,54,4,treatment,51,Y,Y,,,,6.30.2022,7.7.2022,7.5.2022,7.5.2022,
433,kensington,control,55,1,control,12,Y,Y,,0.887850467,0.112149533,6.30.2022,7.7.2022,7.5.2022,,
434,kensington,control,55,1,treatment,107,Y,Y,,,,6.30.2022,7.7.2022,7.7.2022,7.7.2022,
435,kensington,control,55,2,control,2,Y,Y,,0.975308642,0.024691358,6.30.2022,7.7.2022,7.5.2022,,
436,kensington,control,55,2,treatment,81,Y,Y,,,,6.30.2022,7.7.2022,7.5.2022,7.5.2022,
437,kensington,control,55,3,control,66,Y,Y,,0.388888889,0.611111111,6.30.2022,7.7.2022,7.5.2022,,
438,kensington,control,55,3,treatment,108,Y,Y,,,,6.30.2022,7.7.2022,7.5.2022,7.5.2022,
439,kensington,control,55,4,control,29,Y,Y,,0.712871287,0.287128713,6.30.2022,7.7.2022,7.5.2022,,
440,kensington,control,55,4,treatment,101,Y,Y,,,,6.30.2022,7.7.2022,7.1.2022,7.1.2022,
441,kensington,control,56,1,control,29,Y,Y,,0.49122807,0.50877193,6.30.2022,7.7.2022,7.5.2022,,
442,kensington,control,56,1,treatment,57,Y,Y,,,,6.30.2022,7.7.2022,7.5.2022,7.5.2022,
443,kensington,control,56,2,control,0,Y,Y,,1,0,6.30.2022,7.7.2022,7.5.2022,,
444,kensington,control,56,2,treatment,72,Y,Y,,,,6.30.2022,7.7.2022,7.5.2022,7.5.2022,
445,kensington,control,56,3,control,12,Y,Y,,0.87628866,0.12371134,6.30.2022,7.7.2022,7.5.2022,,
446,kensington,control,56,3,treatment,97,Y,Y,,,,6.30.2022,7.7.2022,7.5.2022,7.5.2022,
447,kensington,control,56,4,control,95,Y,N,,-0.484375,1.484375,6.30.2022,7.7.2022,7.5.2022,,
448,kensington,control,56,4,treatment,64,Y,N,seed pod split before collection,,,6.30.2022,7.7.2022,7.5.2022,7.5.2022,
449,kensington,control,57,1,control,68,Y,Y,,0.081081081,0.918918919,6.30.2022,7.7.2022,7.5.2022,,
450,kensington,control,57,1,treatment,74,Y,Y,,,,6.30.2022,7.7.2022,7.5.2022,7.5.2022,
451,kensington,control,57,2,control,13,Y,Y,,#DIV/0!,#DIV/0!,6.30.2022,7.7.2022,7.5.2022,,
452,kensington,control,57,2,treatment,0,Y,Y,,,,6.30.2022,7.7.2022,7.5.2022,7.5.2022,
453,kensington,control,57,3,control,1,Y,Y,,0.989473684,0.010526316,6.30.2022,7.7.2022,7.5.2022,,
454,kensington,control,57,3,treatment,95,Y,Y,,,,6.30.2022,7.7.2022,7.5.2022,7.5.2022,
455,kensington,control,57,4,control,21,Y,Y,,0.716216216,0.283783784,6.30.2022,7.7.2022,7.5.2022,,
456,kensington,control,57,4,treatment,74,Y,Y,,,,6.30.2022,7.7.2022,7.1.2022,7.1.2022,
457,kensington,control,58,1,control,12,Y,Y,,0.896551724,0.103448276,6.30.2022,7.7.2022,7.5.2022,,
458,kensington,control,58,1,treatment,116,Y,Y,,,,6.30.2022,7.7.2022,7.5.2022,7.5.2022,
459,kensington,control,58,2,control,109,Y,Y,,-2.516129032,3.516129032,6.30.2022,7.7.2022,7.1.2022,,
460,kensington,control,58,2,treatment,31,Y,Y,,,,6.30.2022,7.7.2022,7.5.2022,7.5.2022,
461,kensington,control,58,3,control,16,Y,Y,,0.76119403,0.23880597,6.30.2022,7.7.2022,7.5.2022,,
462,kensington,control,58,3,treatment,67,Y,Y,,,,6.30.2022,7.7.2022,7.1.2022,7.1.2022,
463,kensington,control,58,4,control,0,Y,Y,,1,0,6.30.2022,7.7.2022,7.5.2022,,
464,kensington,control,58,4,treatment,85,Y,Y,,,,6.30.2022,7.7.2022,7.5.2022,7.5.2022,
465,kensington,control,59,1,control,22,N,Y,,-1.75,2.75,6.30.2022,7.7.2022,,,
466,kensington,control,59,1,treatment,8,N,Y,,,,6.30.2022,7.7.2022,,,
467,kensington,control,59,2,control,,N,N,no packet,#DIV/0!,#DIV/0!,6.30.2022,7.7.2022,,,
468,kensington,control,59,2,treatment,,N,N,no packet,,,6.30.2022,7.7.2022,,,
469,kensington,control,59,3,control,44,Y,Y,,0.301587302,0.698412698,6.30.2022,7.7.2022,7.5.2022,,
470,kensington,control,59,3,treatment,63,Y,Y,,,,6.30.2022,7.7.2022,7.5.2022,7.5.2022,
471,kensington,control,59,4,control,0,Y,Y,,1,0,6.30.2022,7.7.2022,7.5.2022,,
472,kensington,control,59,4,treatment,37,Y,Y,,,,6.30.2022,7.7.2022,7.5.2022,7.5.2022,
473,kensington,control,60,1,control,21,N,Y,,0.752941176,0.247058824,6.30.2022,7.7.2022,7.5.2022,,
474,kensington,control,60,1,treatment,85,N,Y,,,,6.30.2022,7.7.2022,7.5.2022,,PLANT STEM BROKE
475,kensington,control,60,2,control,1,Y,Y,,0.99137931,0.00862069,6.30.2022,7.7.2022,7.1.2022,,
476,kensington,control,60,2,treatment,116,Y,Y,,,,6.30.2022,7.7.2022,7.8.2022,7.8.2022,
477,kensington,control,60,3,control,27,Y,Y,,0.597014925,0.402985075,6.30.2022,7.7.2022,7.5.2022,,
478,kensington,control,60,3,treatment,67,Y,Y,,,,6.30.2022,7.7.2022,7.5.2022,7.5.2022,
479,kensington,control,60,4,control,74,Y,Y,,0.426356589,0.573643411,6.30.2022,7.7.2022,7.5.2022,,
480,kensington,control,60,4,treatment,129,Y,Y,,,,6.30.2022,7.7.2022,7.9.2022,7.9.2022,"ORIGNINAL 4T SPLIT, TRY TO CHOOSE NEW TREAT FLOWER?"
481,killarney,treatment,61,1,control,28,Y,Y,,0.391304348,0.608695652,6.30.2022,7.7.2022,7.1.2022,,
482,killarney,treatment,61,1,treatment,46,Y,Y,,,,6.30.2022,7.7.2022,7.6.2022,7.6.2022,
483,killarney,treatment,61,2,control,4,Y,Y,,0.945205479,0.054794521,6.30.2022,7.7.2022,7.6.2022,,
484,killarney,treatment,61,2,treatment,73,Y,Y,,,,6.30.2022,7.7.2022,7.6.2022,7.6.2022,
485,killarney,treatment,61,3,control,1,Y,Y,,0.990566038,0.009433962,6.30.2022,7.7.2022,7.1.2022,,
486,killarney,treatment,61,3,treatment,106,Y,Y,,,,6.30.2022,7.7.2022,7.6.2022,7.6.2022,
487,killarney,treatment,61,4,control,112,Y,Y,,-0.317647059,1.317647059,6.30.2022,7.7.2022,7.6.2022,,
488,killarney,treatment,61,4,treatment,85,Y,Y,,,,6.30.2022,7.7.2022,7.6.2022,7.6.2022,
489,killarney,treatment,62,1,control,32,Y,Y,,0.632183908,0.367816092,6.30.2022,7.7.2022,7.1.2022,,
490,killarney,treatment,62,1,treatment,87,Y,Y,,,,6.30.2022,7.7.2022,7.1.2022,7.1.2022,
491,killarney,treatment,62,2,control,94,Y,Y,,0.030927835,0.969072165,6.30.2022,7.7.2022,7.1.2022,,
492,killarney,treatment,62,2,treatment,97,Y,Y,,,,6.30.2022,7.7.2022,7.6.2022,7.6.2022,
493,killarney,treatment,62,3,control,63,Y,Y,,0.202531646,0.797468354,6.30.2022,7.7.2022,7.6.2022,,
494,killarney,treatment,62,3,treatment,79,Y,Y,,,,6.30.2022,7.7.2022,7.6.2022,7.6.2022,
495,killarney,treatment,62,4,control,44,Y,Y,,0.352941176,0.647058824,6.30.2022,7.7.2022,7.6.2022,,
496,killarney,treatment,62,4,treatment,68,Y,Y,,,,6.30.2022,7.7.2022,7.6.2022,7.6.2022,
497,killarney,treatment,63,1,control,106,Y,Y,,-3.818181818,4.818181818,6.30.2022,7.7.2022,7.6.2022,,
498,killarney,treatment,63,1,treatment,22,Y,Y,,,,6.30.2022,7.7.2022,7.6.2022,7.6.2022,
499,killarney,treatment,63,2,control,2,Y,N,,#DIV/0!,#DIV/0!,6.30.2022,7.7.2022,7.6.2022,,
500,killarney,treatment,63,2,treatment,,Y,N,no packet,,,6.30.2022,7.7.2022,7.1.2022,7.1.2022,
501,killarney,treatment,63,3,control,0,Y,Y,seed pod split before collection,1,0,6.30.2022,7.7.2022,7.6.2022,,
502,killarney,treatment,63,3,treatment,7,Y,Y,,,,6.30.2022,7.7.2022,7.6.2022,7.6.2022,
503,killarney,treatment,63,4,control,24,Y,Y,,0.489361702,0.510638298,6.30.2022,7.7.2022,7.6.2022,,
504,killarney,treatment,63,4,treatment,47,Y,Y,,,,6.30.2022,7.7.2022,7.6.2022,7.6.2022,
505,killarney,treatment,64,1,control,26,Y,Y,,0.777777778,0.222222222,6.30.2022,7.7.2022,7.1.2022,,
506,killarney,treatment,64,1,treatment,117,Y,Y,,,,6.30.2022,7.7.2022,7.6.2022,7.6.2022,NOT QUITE OPEN
507,killarney,treatment,64,2,control,114,Y,N,,#DIV/0!,#DIV/0!,6.30.2022,7.7.2022,7.1.2022,,
508,killarney,treatment,64,2,treatment,,Y,N,no packet,,,6.30.2022,7.7.2022,7.6.2022,7.6.2022,
509,killarney,treatment,64,3,control,33,Y,Y,,0.61627907,0.38372093,6.30.2022,7.7.2022,7.1.2022,,
510,killarney,treatment,64,3,treatment,86,Y,Y,,,,6.30.2022,7.7.2022,7.6.2022,7.6.2022,
511,killarney,treatment,64,4,control,30,Y,Y,,0.032258065,0.967741935,6.30.2022,7.7.2022,7.6.2022,,
512,killarney,treatment,64,4,treatment,31,Y,Y,,,,6.30.2022,7.7.2022,7.1.2022,7.1.2022,
513,killarney,treatment,65,1,control,84,N,Y,,0.076923077,0.923076923,6.30.2022,7.7.2022,,,
514,killarney,treatment,65,1,treatment,91,N,Y,,,,6.30.2022,7.7.2022,,,
515,killarney,treatment,65,2,control,58,N,N,,-0.705882353,1.705882353,6.30.2022,7.7.2022,,,
516,killarney,treatment,65,2,treatment,34,N,N,seed pod split before collection,,,6.30.2022,7.7.2022,,,
517,killarney,treatment,65,3,control,25,N,Y,,0.683544304,0.316455696,6.30.2022,7.7.2022,,,
518,killarney,treatment,65,3,treatment,79,N,Y,,,,6.30.2022,7.7.2022,,,
519,killarney,treatment,65,4,control,91,N,Y,,0.1875,0.8125,6.30.2022,7.7.2022,,,
520,killarney,treatment,65,4,treatment,112,N,Y,,,,6.30.2022,7.7.2022,,,
521,killarney,treatment,66,1,control,78,N,Y,,-5,6,6.30.2022,7.7.2022,,,
522,killarney,treatment,66,1,treatment,13,N,Y,,,,6.30.2022,7.7.2022,,,
523,killarney,treatment,66,2,control,68,Y,Y,,0.2,0.8,6.30.2022,7.7.2022,7.6.2022,,
524,killarney,treatment,66,2,treatment,85,Y,Y,,,,6.30.2022,7.7.2022,7.6.2022,7.6.2022,
525,killarney,treatment,66,3,control,38,Y,Y,,0.493333333,0.506666667,6.30.2022,7.7.2022,7.6.2022,,
526,killarney,treatment,66,3,treatment,75,Y,Y,,,,6.30.2022,7.7.2022,7.6.2022,7.6.2022,
527,killarney,treatment,66,4,control,78,Y,Y,,0.113636364,0.886363636,6.30.2022,7.7.2022,7.1.2022,,
528,killarney,treatment,66,4,treatment,88,Y,Y,,,,6.30.2022,7.7.2022,7.6.2022,7.6.2022,
